timestamp,CBT1_temp,CBT2_temp,CBT3A_temp,CBT3B_temp,CBT1_humidity,CBT2_humidity,CBT3A_humidity,CBT3B_humidity,CBT1_battery,CBT2_battery,CBT3A_battery,CBT3B_battery,cold_storage_temp,cold_storage_humidity,feed_bin_level,feed_bin_distance,water_leak
2026-03-05 11:00:00,59.49,61.64,52.0,57.09,64.92,61.61,64.04,62.78,100,100,100,100,33.66,56.56,71.42,18.41,0.0
2026-03-05 11:15:00,58.54,60.19,56.13,57.5,66.54,65.92,63.83,63.34,100,100,100,100,34.81,53.88,71.82,19.37,0.0
2026-03-05 11:30:00,59.01,60.14,57.42,56.87,66.4,66.84,64.61,66.0,100,100,100,100,34.89,54.49,72.71,17.53,0.0
2026-03-05 11:45:00,59.9,60.02,55.21,56.73,64.3,67.02,67.55,68.78,100,100,100,100,34.62,54.02,71.86,17.33,0.0
2026-03-05 12:00:00,59.35,60.4,54.49,55.59,64.08,66.82,68.8,68.28,100,100,100,100,35.74,53.64,72.05,17.73,0.0
2026-03-05 12:15:00,59.28,60.71,51.46,53.09,62.32,67.31,72.04,69.6,100,100,100,100,35.57,54.89,71.97,18.34,0.0
2026-03-05 12:30:00,59.98,61.26,52.07,53.69,61.2,65.37,69.88,69.19,100,100,100,100,35.51,55.67,71.17,19.11,0.0
2026-03-05 12:45:00,59.41,62.85,53.76,53.1,61.5,65.55,69.34,67.2,100,100,100,100,36.46,56.76,71.3,19.8,0.0
2026-03-05 13:00:00,59.23,63.1,55.18,54.56,60.86,66.31,72.09,68.99,100,100,100,100,35.45,56.41,71.08,18.23,0.0
2026-03-05 13:15:00,59.81,63.08,57.45,57.65,62.16,63.92,69.85,70.96,100,100,100,100,35.13,57.21,72.4,16.88,0.0
2026-03-05 13:30:00,58.28,62.55,54.63,57.39,61.17,63.54,76.45,72.24,100,100,100,100,35.47,55.94,72.32,16.95,0.0
2026-03-05 13:45:00,57.36,61.58,54.36,58.38,61.9,63.82,73.9,71.63,100,100,100,100,35.39,56.54,72.57,16.27,0.0
2026-03-05 14:00:00,57.89,59.75,53.23,56.74,63.97,63.19,70.55,71.08,100,100,100,100,36.13,57.05,72.11,17.28,0.0
2026-03-05 14:15:00,56.05,59.49,53.28,56.63,62.31,62.83,68.14,69.54,100,100,100,100,36.51,56.33,71.19,17.17,0.0
2026-03-05 14:30:00,55.1,60.01,53.29,55.11,62.9,64.67,64.11,66.56,100,100,100,100,36.09,57.37,71.17,17.82,0.0
2026-03-05 14:45:00,55.03,59.65,53.83,54.45,63.9,64.36,63.72,65.48,100,100,100,100,36.36,56.01,71.4,17.1,0.0
2026-03-05 15:00:00,54.09,61.9,56.08,54.85,62.04,66.01,67.62,67.36,100,100,100,100,37.34,55.25,71.45,18.03,0.0
2026-03-05 15:15:00,55.76,62.05,55.35,54.17,62.5,67.04,71.52,67.94,100,100,100,100,37.84,54.7,70.57,17.76,0.0
2026-03-05 15:30:00,56.37,61.09,57.13,55.6,65.02,65.28,74.41,69.38,100,100,100,100,38.26,53.33,70.5,18.21,0.0
2026-03-05 15:45:00,55.74,60.61,55.56,54.68,62.33,64.54,79.06,71.53,100,100,100,100,37.94,52.29,70.51,20.16,0.0
2026-03-05 16:00:00,57.59,59.41,53.31,55.03,62.06,61.98,74.34,68.94,100,100,100,100,36.55,53.48,71.52,20.49,0.0
2026-03-05 16:15:00,57.19,59.7,53.65,53.79,61.59,62.22,71.14,65.35,100,100,100,100,36.23,54.59,72.48,21.29,0.0
2026-03-05 16:30:00,57.92,61.75,52.61,53.35,57.57,64.02,71.29,64.88,100,100,100,100,36.03,55.65,73.68,20.28,0.0
2026-03-05 16:45:00,57.91,62.05,52.4,54.99,58.15,64.14,67.16,64.61,100,100,100,100,35.69,56.55,73.99,19.22,0.0
2026-03-05 17:00:00,56.4,62.08,53.11,54.17,58.28,65.11,69.39,65.29,100,100,100,100,35.89,55.58,74.49,18.57,0.0
2026-03-05 17:15:00,56.66,62.73,54.09,56.85,56.97,65.69,70.99,67.32,100,100,100,100,35.94,55.64,74.57,18.21,0.0
2026-03-05 17:30:00,55.74,61.27,53.6,56.97,58.81,65.64,68.67,68.04,100,100,100,100,35.99,56.3,73.9,18.21,0.0
2026-03-05 17:45:00,57.09,61.87,55.04,57.26,59.57,63.26,69.39,67.31,100,100,100,100,36.7,56.75,73.79,18.51,0.0
2026-03-05 18:00:00,57.05,62.08,55.13,60.58,60.85,62.46,69.47,68.41,100,100,100,100,36.59,58.33,72.2,16.94,0.0
2026-03-05 18:15:00,56.75,62.05,54.12,57.67,63.16,61.88,69.33,69.95,100,100,100,100,36.74,57.07,71.14,15.86,0.0
2026-03-05 18:30:00,57.16,61.24,55.18,57.69,63.27,60.99,70.47,68.21,100,100,100,100,37.25,55.97,70.14,16.19,0.0
2026-03-05 18:45:00,58.27,61.4,55.74,56.84,63.51,62.12,69.98,70.5,100,100,100,100,37.12,55.31,70.66,15.99,0.0
2026-03-05 19:00:00,58.71,61.06,56.65,54.06,61.71,63.46,70.74,67.71,100,100,100,100,36.66,52.92,71.53,17.29,0.0
2026-03-05 19:15:00,58.13,60.66,57.29,56.48,60.71,62.12,69.6,67.98,100,100,100,100,36.58,52.89,72.41,18.89,0.0
2026-03-05 19:30:00,59.2,61.29,57.36,56.73,60.83,63.09,67.6,66.49,100,100,100,100,36.45,52.46,73.73,18.26,0.0
2026-03-05 19:45:00,56.9,61.83,56.97,58.11,59.69,64.14,67.26,64.07,100,100,100,100,36.09,53.03,72.97,18.07,0.0
2026-03-05 20:00:00,57.06,60.63,55.93,58.44,58.46,64.5,66.26,67.97,100,100,100,100,36.48,55.06,72.74,18.21,0.0
2026-03-05 20:15:00,56.39,61.39,52.03,57.78,58.61,64.35,67.37,66.65,100,100,100,100,36.82,55.35,72.2,17.28,0.0
2026-03-05 20:30:00,54.78,61.21,51.21,57.56,59.11,61.93,69.0,69.28,100,100,100,100,36.3,56.33,71.85,18.01,0.0
2026-03-05 20:45:00,55.84,61.13,50.22,56.07,59.32,62.24,70.87,69.7,100,100,100,100,36.3,56.17,71.8,18.03,0.0
2026-03-05 21:00:00,56.24,63.17,50.03,56.75,57.74,62.51,69.08,69.71,100,100,100,100,36.35,55.78,72.0,17.25,0.0
2026-03-05 21:15:00,57.83,62.93,51.37,56.95,58.82,62.55,69.09,70.26,100,100,100,100,36.11,56.62,71.91,17.4,0.0
2026-03-05 21:30:00,58.74,63.87,52.51,56.59,58.25,64.62,68.02,70.14,100,100,100,100,36.67,56.34,71.6,17.08,0.0
2026-03-05 21:45:00,58.37,64.33,51.45,56.22,58.76,63.43,67.07,69.65,100,100,100,100,35.96,57.87,71.91,17.04,0.0
2026-03-05 22:00:00,56.71,63.2,52.57,55.45,61.94,62.36,68.59,69.42,100,100,100,100,35.41,58.1,71.91,16.97,0.0
2026-03-05 22:15:00,56.04,62.2,54.07,54.81,61.87,63.29,70.18,69.14,100,100,100,100,35.05,57.21,72.09,17.97,0.0
2026-03-05 22:30:00,55.78,61.27,53.75,54.33,63.36,65.1,70.4,70.22,100,100,100,100,34.59,57.35,71.57,18.34,0.0
2026-03-05 22:45:00,56.8,60.43,56.49,54.83,63.43,66.84,72.43,68.76,100,100,100,100,35.3,54.32,71.96,18.3,0.0
2026-03-05 23:00:00,58.17,59.99,58.08,56.39,63.48,66.53,71.18,69.52,100,100,100,100,36.18,53.12,71.19,18.96,0.0
2026-03-05 23:15:00,57.38,60.99,59.68,55.34,65.22,67.28,72.62,69.23,100,100,100,100,35.83,54.48,71.14,18.71,0.0
2026-03-05 23:30:00,57.97,61.22,60.31,56.36,64.64,65.59,71.12,70.07,100,100,100,100,35.66,54.98,71.53,18.27,0.0
2026-03-05 23:45:00,56.89,59.97,60.88,58.14,63.65,65.13,71.9,74.09,100,100,100,100,35.51,57.99,70.71,18.24,0.0
2026-03-06 00:00:00,56.12,60.11,58.92,56.63,62.02,66.39,74.18,72.04,100,100,100,100,36.26,59.12,71.52,17.4,0.0
2026-03-06 00:15:00,57.91,58.98,57.64,57.01,62.42,65.72,74.31,72.29,100,100,100,100,36.14,57.74,72.09,17.07,0.0
2026-03-06 00:30:00,58.44,58.23,56.1,57.47,59.32,63.36,77.87,72.11,100,100,100,100,36.48,57.0,72.21,16.83,0.0
2026-03-06 00:45:00,59.42,59.22,54.96,55.92,61.62,62.05,78.07,70.95,100,100,100,100,36.69,55.79,72.14,17.33,0.0
2026-03-06 01:00:00,59.3,60.43,56.02,57.19,62.53,62.13,74.89,71.55,100,100,100,100,35.98,54.91,71.82,17.74,0.0
2026-03-06 01:15:00,58.61,61.52,55.91,56.59,60.15,62.68,70.75,71.46,100,100,100,100,36.56,55.51,71.42,17.62,0.0
2026-03-06 01:30:00,58.09,62.06,56.39,56.4,63.65,65.18,67.46,69.76,100,100,100,100,36.46,55.09,71.92,18.62,0.0
2026-03-06 01:45:00,58.12,61.93,55.45,56.5,60.36,66.42,66.89,68.85,100,100,100,100,36.37,55.13,71.77,18.83,0.0
2026-03-06 02:00:00,58.39,61.4,55.94,55.67,61.04,64.23,72.95,68.52,100,100,100,100,36.09,55.86,71.48,19.47,0.0
2026-03-06 02:15:00,58.48,61.24,55.97,56.44,62.42,63.62,73.94,69.83,100,100,100,100,36.09,54.68,70.74,19.79,0.0
2026-03-06 02:30:00,57.4,61.91,56.54,56.57,62.32,64.47,73.66,71.12,100,100,100,100,36.43,54.33,70.32,19.3,0.0
2026-03-06 02:45:00,55.77,61.77,56.98,57.53,67.3,61.6,70.29,70.02,100,100,100,100,35.97,54.98,70.17,19.8,0.0
2026-03-06 03:00:00,56.74,60.61,55.84,57.68,66.41,64.07,66.2,69.92,100,100,100,100,35.85,53.65,70.84,19.76,0.0
2026-03-06 03:15:00,57.9,60.07,54.01,58.45,64.21,66.64,67.52,67.55,100,100,100,100,36.25,53.88,72.11,19.64,0.0
2026-03-06 03:30:00,58.68,59.86,53.58,58.6,62.78,65.43,68.69,66.12,100,100,100,100,35.98,55.06,72.31,19.6,0.0
2026-03-06 03:45:00,60.33,59.37,53.16,57.35,60.54,68.3,69.27,65.16,100,100,100,100,36.26,54.22,73.34,19.16,0.0
2026-03-06 04:00:00,59.99,60.36,54.0,56.68,60.9,68.69,70.17,65.76,100,100,100,100,36.02,54.65,72.09,18.84,0.0
2026-03-06 04:15:00,58.49,59.65,56.6,56.82,60.76,66.27,70.51,66.46,100,100,100,100,35.5,53.81,71.72,18.5,0.0
2026-03-06 04:30:00,58.81,59.38,56.19,57.79,60.46,67.23,69.44,68.01,100,100,100,100,35.57,54.12,71.76,19.26,0.0
2026-03-06 04:45:00,59.21,60.14,56.08,58.56,60.3,64.69,69.11,70.21,100,100,100,100,35.74,54.12,71.01,18.71,0.0
2026-03-06 05:00:00,58.91,61.61,53.83,58.94,61.35,63.34,69.41,69.19,100,100,100,100,36.34,54.52,70.14,18.96,0.0
2026-03-06 05:15:00,60.57,61.79,53.61,59.7,61.3,65.56,70.89,71.8,100,100,100,100,36.63,56.03,70.0,18.68,0.0
2026-03-06 05:30:00,58.34,61.97,53.2,59.21,61.99,66.55,71.99,68.73,100,100,100,100,37.1,56.28,70.03,17.91,0.0
2026-03-06 05:45:00,57.8,61.06,55.63,59.7,64.03,70.22,74.21,66.95,100,100,100,100,36.78,56.51,71.64,18.34,0.0
2026-03-06 06:00:00,57.89,59.69,55.52,58.26,62.09,71.72,73.99,68.28,100,100,100,100,37.29,56.27,73.61,18.09,0.0
2026-03-06 06:15:00,56.49,60.19,54.3,57.42,64.12,68.74,70.55,66.39,100,100,100,100,37.52,56.23,73.47,17.89,0.0
2026-03-06 06:30:00,58.53,60.72,53.98,58.2,64.24,66.66,69.31,66.44,100,100,100,100,37.27,56.09,72.72,17.85,0.0
2026-03-06 06:45:00,56.42,61.93,50.82,58.66,61.48,66.38,68.11,66.2,100,100,100,100,36.89,55.16,71.53,18.02,0.0
2026-03-06 07:00:00,56.19,62.09,52.26,60.26,62.91,65.68,66.36,64.19,100,100,100,100,36.58,55.28,72.07,18.25,0.0
2026-03-06 07:15:00,56.68,62.16,52.11,59.55,60.27,67.34,68.58,64.94,100,100,100,100,35.28,54.04,72.72,17.98,0.0
2026-03-06 07:30:00,57.72,62.38,54.28,57.24,59.82,68.81,67.77,67.02,100,100,100,100,34.96,53.13,73.07,18.13,0.0
2026-03-06 07:45:00,58.82,61.88,55.77,55.67,57.83,67.89,67.4,70.3,100,100,100,100,34.13,55.15,72.4,17.13,0.0
2026-03-06 08:00:00,58.38,62.73,53.48,55.64,57.99,67.36,69.4,70.97,100,100,100,100,33.59,54.72,72.06,16.78,0.0
2026-03-06 08:15:00,57.74,61.78,53.43,56.54,59.17,66.43,68.07,70.39,100,100,100,100,34.62,55.75,72.7,18.29,0.0
2026-03-06 08:30:00,57.32,62.15,52.21,57.08,61.12,65.58,70.15,68.07,100,100,100,100,34.61,56.08,72.41,18.26,0.0
2026-03-06 08:45:00,57.95,61.65,53.41,56.55,63.2,65.92,70.59,65.73,100,100,100,100,35.8,55.15,73.36,18.68,0.0
2026-03-06 09:00:00,58.16,60.03,54.78,56.41,62.3,65.71,69.06,63.49,100,100,100,100,35.74,56.7,73.52,18.23,0.0
2026-03-06 09:15:00,58.92,61.02,55.3,55.85,61.59,64.01,69.01,63.56,100,100,100,100,34.64,56.35,72.26,18.21,0.0
2026-03-06 09:30:00,58.31,59.18,53.81,55.58,58.29,63.99,69.42,65.95,100,100,100,100,34.71,55.48,72.54,18.29,0.0
2026-03-06 09:45:00,58.79,59.92,53.79,54.9,60.27,63.3,69.56,64.38,100,100,100,100,34.68,54.62,72.38,17.59,0.0
2026-03-06 10:00:00,58.66,60.31,52.07,54.94,61.36,63.15,68.57,65.24,100,100,100,100,35.09,53.79,72.08,18.33,0.0
2026-03-06 10:15:00,58.03,60.52,52.63,54.62,62.94,64.73,70.75,63.83,100,100,100,100,36.66,53.87,72.49,17.0,0.0
2026-03-06 10:30:00,57.66,60.64,54.13,54.76,65.97,63.91,70.66,64.51,100,100,100,100,37.18,54.2,72.62,15.59,0.0
2026-03-06 10:45:00,55.84,60.14,53.19,55.12,63.64,61.89,71.32,68.66,100,100,100,100,36.96,54.07,72.3,16.68,0.0
2026-03-06 11:00:00,56.58,60.49,56.05,55.81,63.1,63.38,71.12,70.76,100,100,100,100,36.36,55.79,72.5,16.64,0.0
2026-03-06 11:15:00,57.03,60.19,56.85,56.63,62.73,64.38,66.43,71.77,100,100,100,100,35.75,56.13,71.31,17.31,0.0
2026-03-06 11:30:00,57.32,61.8,56.91,54.83,61.48,65.25,65.96,69.64,100,100,100,100,35.5,56.13,71.93,17.86,0.0
2026-03-06 11:45:00,58.25,62.3,54.88,56.58,61.06,69.17,66.16,68.38,100,100,100,100,35.79,58.8,72.27,17.25,0.0
2026-03-06 12:00:00,56.96,62.37,55.83,56.15,61.18,67.19,65.14,67.97,100,100,100,100,36.03,57.28,71.72,17.06,0.0
2026-03-06 12:15:00,56.45,61.33,54.16,56.2,60.08,66.78,66.56,66.53,100,100,100,100,36.04,56.81,71.76,17.3,0.0
2026-03-06 12:30:00,56.19,60.57,55.03,58.83,60.22,67.13,66.13,66.46,100,100,100,100,35.56,57.37,70.69,18.76,0.0
2026-03-06 12:45:00,55.76,60.98,56.46,58.62,58.95,65.39,66.9,65.4,100,100,100,100,35.72,56.19,70.7,19.75,0.0
2026-03-06 13:00:00,56.7,60.42,55.64,57.49,60.56,66.73,72.7,65.06,100,100,100,100,35.75,56.01,70.38,19.53,0.0
2026-03-06 13:15:00,57.32,61.45,56.22,58.44,59.98,65.9,73.36,67.22,100,100,100,100,35.66,55.61,71.06,19.48,0.0
2026-03-06 13:30:00,59.0,59.33,54.89,57.31,58.86,65.71,75.6,68.95,100,100,100,100,35.75,54.47,70.59,18.85,0.0
2026-03-06 13:45:00,59.73,57.78,56.06,56.39,60.76,65.12,74.52,68.46,100,100,100,100,35.9,52.99,69.87,18.93,0.0
2026-03-06 14:00:00,60.04,56.9,52.8,58.11,59.16,64.65,69.9,68.75,100,100,100,100,35.68,54.0,70.95,18.74,0.0
2026-03-06 14:15:00,59.68,57.09,52.48,55.31,59.93,67.34,72.1,68.24,100,100,100,100,34.84,55.82,71.25,18.75,0.0
2026-03-06 14:30:00,56.83,58.89,52.91,57.16,60.89,68.05,71.64,66.17,100,100,100,100,34.71,55.63,73.28,19.11,0.0
2026-03-06 14:45:00,56.68,59.6,52.37,56.9,61.0,68.56,71.32,66.36,100,100,100,100,34.92,54.92,73.22,18.46,0.0
2026-03-06 15:00:00,56.53,60.63,54.28,55.76,63.84,67.84,72.34,69.77,100,100,100,100,35.14,52.9,72.24,17.81,0.0
2026-03-06 15:15:00,58.43,61.2,52.69,59.38,64.06,65.04,70.72,69.34,100,100,100,100,35.57,51.52,71.96,17.38,0.0
2026-03-06 15:30:00,59.73,60.53,52.98,56.75,64.21,65.36,71.85,71.21,100,100,100,100,35.85,52.4,70.83,17.81,1.0
2026-03-06 15:45:00,59.97,60.55,51.43,55.72,62.19,65.61,73.19,71.07,100,100,100,100,35.85,53.39,71.81,17.06,0.0
2026-03-06 16:00:00,59.9,61.19,52.63,56.51,59.54,67.25,76.31,65.99,100,100,100,100,35.27,53.88,71.82,18.41,0.0
2026-03-06 16:15:00,57.18,60.44,54.93,53.47,58.79,67.25,76.96,66.34,100,100,100,100,35.16,54.98,71.4,18.86,0.0
2026-03-06 16:30:00,58.18,61.16,54.58,54.02,60.91,65.02,77.18,63.55,100,100,100,100,34.67,54.73,71.82,18.01,0.0
2026-03-06 16:45:00,58.52,60.69,57.29,55.42,63.61,65.18,74.14,63.69,100,100,100,100,33.92,54.45,70.13,19.37,0.0
2026-03-06 17:00:00,59.14,60.11,57.85,55.36,64.71,65.45,72.94,65.47,100,100,100,100,35.24,55.19,69.41,19.83,0.0
2026-03-06 17:15:00,59.33,60.67,56.44,56.04,67.35,68.3,75.67,63.91,100,100,100,100,35.41,54.33,70.12,20.23,0.0
2026-03-06 17:30:00,59.53,59.46,54.67,57.37,67.43,67.96,73.94,66.22,100,100,100,100,36.15,53.92,70.36,21.12,0.0
2026-03-06 17:45:00,57.91,59.88,54.53,56.34,64.75,66.58,75.21,67.54,100,100,100,100,36.87,55.88,72.26,20.52,0.0
2026-03-06 18:00:00,57.76,59.72,55.64,57.27,64.21,64.39,74.74,65.44,100,100,100,100,36.46,56.33,73.81,20.1,0.0
2026-03-06 18:15:00,60.08,59.23,55.94,55.9,63.17,63.42,71.87,65.4,100,100,100,100,36.99,57.19,72.87,19.8,0.0
2026-03-06 18:30:00,58.29,61.6,58.03,55.52,62.01,65.33,70.34,65.11,100,100,100,100,36.37,57.38,72.25,17.83,0.0
2026-03-06 18:45:00,58.92,61.42,55.69,58.27,63.89,64.88,68.62,64.41,100,100,100,100,35.89,55.47,71.54,18.67,0.0
2026-03-06 19:00:00,58.55,62.72,52.73,56.61,62.95,65.97,69.84,65.1,100,100,100,100,35.19,54.29,71.11,17.11,0.0
2026-03-06 19:15:00,56.53,63.45,56.42,59.05,62.47,64.56,67.44,66.37,100,100,100,100,34.72,53.88,71.37,16.81,0.0
2026-03-06 19:30:00,56.11,62.36,56.56,58.0,61.92,64.3,68.35,65.48,100,100,100,100,34.6,54.06,71.43,17.18,0.0
2026-03-06 19:45:00,56.59,62.69,57.61,55.27,63.42,64.92,70.92,64.77,100,100,100,100,34.79,54.89,71.98,16.81,0.0
2026-03-06 20:00:00,55.71,61.87,58.43,54.12,61.57,63.26,67.77,67.94,100,100,100,100,34.99,54.76,72.43,18.1,0.0
2026-03-06 20:15:00,56.45,60.67,54.25,52.81,60.87,62.18,69.63,66.42,100,100,100,100,35.5,55.31,72.91,18.53,0.0
2026-03-06 20:30:00,56.92,61.04,54.2,55.16,60.15,63.53,68.28,68.37,100,100,100,100,36.34,55.8,72.91,18.91,0.0
2026-03-06 20:45:00,58.03,60.61,56.0,56.64,58.72,65.25,68.2,69.78,100,100,100,100,37.28,56.35,72.79,17.35,0.0
2026-03-06 21:00:00,58.24,60.52,57.34,58.86,62.65,67.31,69.02,69.41,100,100,100,100,37.47,56.79,72.44,17.69,0.0
2026-03-06 21:15:00,57.64,59.66,58.1,61.94,63.99,68.62,70.63,70.17,100,100,100,100,36.72,55.3,72.8,16.69,0.0
2026-03-06 21:30:00,58.94,58.73,56.84,60.71,63.25,66.07,70.79,69.9,100,100,100,100,36.8,53.99,72.21,16.0,0.0
2026-03-06 21:45:00,56.86,59.44,55.66,60.19,63.21,65.33,70.56,70.62,100,100,100,100,35.82,53.32,71.9,16.9,0.0
2026-03-06 22:00:00,57.62,58.72,54.23,59.78,62.54,65.43,69.67,69.68,100,100,100,100,36.16,53.28,71.52,17.38,0.0
2026-03-06 22:15:00,58.84,60.3,54.62,58.02,63.61,65.88,68.78,68.15,100,100,100,100,36.3,53.35,71.14,17.97,0.0
2026-03-06 22:30:00,57.02,60.52,54.75,57.84,64.29,66.74,72.58,67.28,100,100,100,100,35.58,54.84,71.75,18.64,0.0
2026-03-06 22:45:00,58.08,60.81,54.9,58.37,63.75,65.57,71.04,68.04,100,100,100,100,35.7,54.21,71.46,18.46,0.0
2026-03-06 23:00:00,58.11,62.3,54.92,57.92,63.73,64.87,71.13,66.62,100,100,100,100,35.06,54.29,71.57,17.78,0.0
2026-03-06 23:15:00,57.71,62.2,55.0,56.99,59.51,65.36,71.55,68.6,100,100,100,100,35.99,54.9,72.11,17.16,0.0
2026-03-06 23:30:00,57.99,62.51,55.78,58.25,58.5,64.13,67.34,69.61,100,100,100,100,36.8,54.67,73.07,17.43,0.0
2026-03-06 23:45:00,56.86,61.91,55.37,57.55,60.91,65.64,66.15,64.8,100,100,100,100,36.86,55.72,73.12,17.22,0.0
2026-03-07 00:00:00,57.06,61.11,54.31,58.07,59.0,66.39,67.61,66.43,100,100,100,100,37.0,54.47,73.6,16.68,0.0
2026-03-07 00:15:00,56.7,61.75,53.29,58.01,62.49,65.8,66.62,65.41,100,100,100,100,36.26,53.33,73.89,17.49,0.0
2026-03-07 00:30:00,57.81,63.32,50.7,56.89,65.17,68.1,69.84,64.47,100,100,100,100,35.52,52.93,73.58,17.83,0.0
2026-03-07 00:45:00,59.06,62.46,50.62,56.53,66.13,67.55,71.97,66.86,100,100,100,100,35.26,52.92,73.99,18.47,0.0
2026-03-07 01:00:00,58.16,61.83,53.54,56.43,67.82,66.99,71.42,66.91,100,100,100,100,35.2,54.11,72.8,18.37,0.0
2026-03-07 01:15:00,58.11,61.94,55.64,56.54,68.52,66.3,70.12,68.39,100,100,100,100,35.71,53.23,72.8,18.26,0.0
2026-03-07 01:30:00,58.14,59.66,58.17,57.18,68.11,64.99,68.54,69.65,100,100,100,100,35.52,53.04,71.93,17.18,0.0
2026-03-07 01:45:00,57.35,59.64,56.71,57.7,64.23,64.52,68.57,70.21,100,100,100,100,35.63,52.55,71.97,16.56,0.0
2026-03-07 02:00:00,59.26,61.6,54.42,58.44,64.98,64.76,68.78,69.15,100,100,100,100,36.47,52.24,72.55,17.48,0.0
2026-03-07 02:15:00,59.44,60.58,52.73,59.71,62.9,64.76,70.92,68.59,100,100,100,100,35.9,54.3,71.58,17.37,0.0
2026-03-07 02:30:00,58.33,61.14,53.1,59.24,60.91,65.01,71.06,65.98,100,100,100,100,36.21,56.28,71.94,17.25,0.0
2026-03-07 02:45:00,59.35,61.68,53.96,59.62,60.48,64.96,69.77,67.53,100,100,100,100,36.03,54.76,71.27,18.22,0.0
2026-03-07 03:00:00,57.22,60.72,54.76,58.94,57.68,65.21,69.45,67.33,100,100,100,100,35.59,54.34,72.24,17.99,0.0
2026-03-07 03:15:00,57.46,60.18,54.99,58.45,58.19,65.42,65.79,66.6,100,100,100,100,35.71,53.58,72.4,18.03,0.0
2026-03-07 03:30:00,59.22,61.45,53.28,58.01,60.99,63.96,66.19,68.35,100,100,100,100,35.01,51.72,72.79,18.51,0.0
2026-03-07 03:45:00,58.11,62.23,55.25,58.95,64.88,64.79,67.84,66.4,100,100,100,100,34.96,53.28,73.38,18.08,0.0
2026-03-07 04:00:00,59.57,61.84,53.46,59.68,66.69,63.35,66.82,68.04,100,100,100,100,34.52,54.38,73.02,18.0,0.0
2026-03-07 04:15:00,59.29,62.2,52.63,59.05,65.89,64.98,71.73,69.08,100,100,100,100,35.06,54.78,72.96,17.98,0.0
2026-03-07 04:30:00,59.03,61.16,53.24,58.79,66.04,65.24,70.29,71.85,100,100,100,100,35.68,55.49,72.56,18.48,0.0
2026-03-07 04:45:00,61.07,61.34,50.97,58.87,63.89,67.94,71.79,69.69,100,100,100,100,35.93,55.01,71.86,18.51,0.0
2026-03-07 05:00:00,60.16,63.01,53.11,57.09,62.11,68.61,71.11,67.78,100,100,100,100,36.25,53.25,72.24,19.11,0.0
2026-03-07 05:15:00,59.29,64.3,54.75,56.47,64.78,69.77,70.81,67.21,100,100,100,100,35.89,54.91,72.59,18.75,0.0
2026-03-07 05:30:00,58.01,64.86,55.03,55.82,61.6,70.3,69.68,63.94,100,100,100,100,35.5,55.92,72.93,19.3,0.0
2026-03-07 05:45:00,55.97,64.24,56.1,54.22,62.46,67.92,61.04,65.43,100,100,100,100,34.94,56.69,72.31,18.15,0.0
2026-03-07 06:00:00,56.1,63.37,57.55,56.02,62.84,68.21,59.73,65.98,100,100,100,100,34.41,58.35,70.82,18.14,0.0
2026-03-07 06:15:00,56.92,62.21,57.55,57.0,60.73,65.63,56.67,68.13,100,100,100,100,34.06,56.32,70.4,18.19,0.0
2026-03-07 06:30:00,57.79,61.79,58.26,58.17,62.48,63.56,58.23,68.62,100,100,100,100,33.93,54.11,70.41,17.5,0.0
2026-03-07 06:45:00,59.03,62.49,58.49,59.05,60.64,62.55,64.15,68.87,100,100,100,100,34.55,53.57,71.36,18.58,0.0
2026-03-07 07:00:00,59.09,62.1,55.38,59.2,61.68,61.43,67.24,71.03,100,100,100,100,36.05,53.47,71.68,18.72,0.0
2026-03-07 07:15:00,59.93,61.9,57.81,58.37,63.25,61.22,69.71,67.4,100,100,100,100,36.27,53.34,71.28,19.37,0.0
2026-03-07 07:30:00,59.52,60.74,59.11,58.61,65.53,63.15,70.05,67.77,100,100,100,100,35.81,53.95,70.44,19.23,0.0
2026-03-07 07:45:00,60.94,60.32,57.84,58.64,68.02,61.98,73.64,67.64,100,100,100,100,35.76,54.22,70.35,19.13,0.0
2026-03-07 08:00:00,61.4,60.02,59.3,57.34,69.79,63.35,73.25,64.6,100,100,100,100,34.31,54.14,71.21,18.49,0.0
2026-03-07 08:15:00,59.67,61.02,54.41,57.01,67.91,63.83,73.28,66.92,100,100,100,100,34.75,55.92,71.86,18.3,0.0
2026-03-07 08:30:00,59.06,62.02,53.22,55.34,64.33,64.61,72.68,65.96,100,100,100,100,35.82,55.95,71.48,18.6,0.0
2026-03-07 08:45:00,57.39,61.46,53.79,53.69,65.42,65.98,70.02,67.58,100,100,100,100,35.29,56.83,71.83,18.77,0.0
2026-03-07 09:00:00,56.75,62.04,53.61,53.41,65.44,67.48,69.81,68.19,100,100,100,100,36.05,57.64,71.98,18.16,0.0
2026-03-07 09:15:00,57.93,62.08,55.06,54.72,66.61,67.1,70.14,66.93,100,100,100,100,35.69,57.83,71.49,17.2,0.0
2026-03-07 09:30:00,59.08,60.73,55.82,56.36,65.56,65.18,70.2,66.06,100,100,100,100,35.62,58.49,71.52,17.21,0.0
2026-03-07 09:45:00,58.67,60.01,54.87,59.03,62.93,65.17,68.86,69.01,100,100,100,100,35.94,57.38,71.63,16.65,0.0
2026-03-07 10:00:00,58.2,59.44,55.69,59.19,61.25,62.92,66.31,69.38,100,100,100,100,36.69,54.87,70.79,17.11,0.0
2026-03-07 10:15:00,56.53,58.77,55.92,59.35,59.97,64.06,63.9,70.42,100,100,100,100,36.74,52.24,71.69,17.78,0.0
2026-03-07 10:30:00,55.84,59.97,52.98,58.14,62.27,65.9,65.0,69.13,100,100,100,100,36.82,51.53,72.11,17.98,0.0
2026-03-07 10:45:00,56.54,61.44,53.42,57.45,62.35,65.44,66.12,66.99,100,100,100,100,37.04,52.17,72.13,17.69,0.0
2026-03-07 11:00:00,57.33,62.62,54.01,57.81,62.15,65.92,68.96,69.25,100,100,100,100,35.68,54.24,72.53,17.01,0.0
2026-03-07 11:15:00,57.53,62.01,52.79,58.08,62.37,64.85,65.88,70.15,100,100,100,100,35.68,54.98,72.54,16.72,0.0
2026-03-07 11:30:00,58.0,62.09,53.57,58.95,61.32,63.06,64.54,73.67,100,100,100,100,35.62,54.25,72.9,16.29,0.0
2026-03-07 11:45:00,57.65,61.56,54.39,56.04,61.9,64.51,66.69,71.54,100,100,100,100,36.26,55.02,73.1,16.64,0.0
2026-03-07 12:00:00,56.82,60.43,51.6,56.73,61.82,63.6,66.58,70.35,100,100,100,100,36.25,54.32,73.58,17.45,0.0
2026-03-07 12:15:00,57.87,60.31,52.78,56.39,59.47,63.76,71.12,67.61,100,100,100,100,36.78,54.25,72.12,18.28,0.0
2026-03-07 12:30:00,57.79,60.64,53.05,54.87,60.98,64.95,72.45,66.97,100,100,100,100,36.6,53.85,72.69,17.3,0.0
2026-03-07 12:45:00,56.64,60.68,53.37,56.13,58.38,63.78,72.27,68.03,100,100,100,100,35.54,53.11,72.14,16.55,0.0
2026-03-07 13:00:00,57.57,61.82,54.11,55.93,57.64,64.33,75.15,66.49,100,100,100,100,36.11,54.17,71.5,15.92,0.0
2026-03-07 13:15:00,57.88,62.83,55.76,55.72,60.14,64.78,74.79,68.08,100,100,100,100,35.62,55.65,72.88,15.44,0.0
2026-03-07 13:30:00,58.64,62.1,54.93,58.69,57.68,63.97,75.21,68.87,100,100,100,100,35.92,58.4,72.38,16.58,0.0
2026-03-07 13:45:00,60.29,61.14,55.73,60.68,59.77,62.99,72.05,70.3,100,100,100,100,36.51,57.01,72.37,18.31,0.0
2026-03-07 14:00:00,58.99,59.81,56.76,60.12,61.72,63.02,70.76,71.74,100,100,100,100,36.16,57.12,71.67,18.89,0.0
2026-03-07 14:15:00,57.87,59.1,55.73,58.24,63.21,61.77,70.9,72.82,100,100,100,100,36.32,57.43,71.0,19.32,0.0
2026-03-07 14:30:00,57.44,59.27,57.75,56.56,62.47,60.9,70.04,73.45,100,100,100,100,36.47,56.41,70.82,19.33,0.0
2026-03-07 14:45:00,57.03,60.42,55.82,55.34,62.83,62.03,68.83,72.84,100,100,100,100,36.59,57.78,70.38,19.41,0.0
2026-03-07 15:00:00,58.45,60.63,54.07,55.38,62.3,61.43,66.97,71.37,100,100,100,100,36.57,57.09,71.82,19.03,0.0
2026-03-07 15:15:00,62.05,61.22,55.61,58.12,58.4,61.89,66.33,69.75,100,100,100,100,36.26,56.77,72.59,19.23,0.0
2026-03-07 15:30:00,62.09,62.35,55.08,57.48,59.95,64.76,69.65,66.39,100,100,100,100,35.48,56.05,72.41,20.08,0.0
2026-03-07 15:45:00,62.56,62.39,54.4,58.38,59.97,64.03,77.62,65.07,100,100,100,100,34.71,54.94,72.38,19.76,0.0
2026-03-07 16:00:00,62.88,63.94,55.79,60.18,58.37,65.32,78.07,61.81,100,100,100,100,35.02,55.28,70.59,20.47,0.0
2026-03-07 16:15:00,60.48,63.92,54.3,58.28,60.97,66.52,77.67,60.71,100,100,100,100,35.21,53.69,69.83,18.95,0.0
2026-03-07 16:30:00,59.82,62.8,55.23,58.58,61.66,65.27,73.58,61.49,100,100,100,100,35.56,53.49,69.17,17.85,0.0
2026-03-07 16:45:00,59.54,61.61,55.93,58.52,62.04,64.64,68.39,63.08,100,100,100,100,35.93,54.25,70.17,17.18,0.0
2026-03-07 17:00:00,58.24,59.09,54.59,57.71,62.56,64.52,67.72,67.91,100,100,100,100,35.74,53.5,70.19,16.0,0.0
2026-03-07 17:15:00,57.58,59.56,53.25,58.05,60.69,64.9,71.79,70.85,100,100,100,100,36.24,53.25,70.57,17.14,0.0
2026-03-07 17:30:00,57.45,60.22,51.36,58.68,60.81,66.35,73.66,71.91,100,100,100,100,36.74,53.26,71.12,17.04,0.0
2026-03-07 17:45:00,56.94,61.09,52.51,56.81,59.86,69.85,70.56,68.89,100,100,100,100,36.94,53.03,70.79,17.07,0.0
2026-03-07 18:00:00,59.26,61.78,53.88,56.44,59.93,69.26,71.45,69.23,100,100,100,100,36.64,52.53,71.46,17.09,0.0
2026-03-07 18:15:00,58.03,60.65,55.85,56.14,63.35,66.45,70.4,68.32,100,100,100,100,35.98,52.67,71.13,16.99,0.0
2026-03-07 18:30:00,58.91,60.14,57.38,56.07,62.2,65.53,68.56,68.27,100,100,100,100,36.26,52.6,70.94,17.31,0.0
2026-03-07 18:45:00,57.64,60.28,56.17,56.96,63.85,64.04,69.75,70.26,100,100,100,100,36.82,51.51,71.19,17.62,0.0
2026-03-07 19:00:00,55.55,59.16,58.05,57.04,63.6,64.63,68.99,70.89,100,100,100,100,37.56,52.72,71.21,19.05,0.0
2026-03-07 19:15:00,57.77,60.17,57.02,57.14,62.01,65.71,66.77,71.05,100,100,100,100,38.11,53.07,71.87,19.03,0.0
2026-03-07 19:30:00,57.3,59.0,54.81,56.28,60.87,64.81,68.09,70.96,100,100,100,100,37.7,54.47,71.71,18.75,0.0
2026-03-07 19:45:00,57.7,59.14,56.18,56.48,60.32,65.23,70.27,70.83,100,100,100,100,36.5,54.78,71.82,18.31,0.0
2026-03-07 20:00:00,57.52,60.37,53.46,56.69,61.21,64.95,70.23,71.83,100,100,100,100,36.3,53.84,71.71,17.2,0.0
2026-03-07 20:15:00,57.21,60.1,53.36,56.95,59.21,65.18,70.01,70.53,100,100,100,100,35.43,53.31,70.86,16.35,0.0
2026-03-07 20:30:00,56.62,60.96,54.88,59.35,60.3,64.77,68.73,69.06,100,100,100,100,34.82,53.78,71.13,16.21,0.0
2026-03-07 20:45:00,57.59,61.81,54.39,59.97,58.68,65.85,65.88,69.08,100,100,100,100,35.58,55.46,70.07,16.05,0.0
2026-03-07 21:00:00,58.16,62.28,53.6,58.76,57.35,66.24,67.41,65.41,100,100,100,100,35.64,56.88,69.74,16.29,0.0
2026-03-07 21:15:00,57.16,62.5,53.45,58.87,59.66,65.03,64.59,63.92,100,100,100,100,36.53,59.0,69.93,16.22,0.0
2026-03-07 21:30:00,59.32,62.79,53.7,57.7,59.4,64.7,65.72,65.64,100,100,100,100,37.1,57.4,69.39,15.86,0.0
2026-03-07 21:45:00,59.63,61.69,54.66,58.2,60.58,62.48,71.57,63.59,100,100,100,100,37.26,56.02,70.0,16.58,0.0
2026-03-07 22:00:00,58.08,61.79,54.99,60.35,62.25,61.88,68.5,62.74,100,100,100,100,36.72,55.44,71.05,16.67,0.0
2026-03-07 22:15:00,58.7,62.21,54.83,61.43,63.46,65.03,70.88,62.06,100,100,100,100,35.61,52.99,70.61,17.81,0.0
2026-03-07 22:30:00,56.6,63.2,56.0,61.79,63.9,66.65,70.79,60.79,100,100,100,100,35.63,53.38,71.66,17.75,0.0
2026-03-07 22:45:00,56.76,63.21,55.3,61.41,64.23,65.39,67.01,63.78,100,100,100,100,35.08,54.81,71.3,16.64,0.0
2026-03-07 23:00:00,57.69,62.7,56.32,60.55,65.39,65.75,69.13,65.91,100,100,100,100,34.6,54.7,71.25,16.22,0.0
2026-03-07 23:15:00,57.46,62.09,56.18,58.39,62.93,64.36,70.22,69.92,100,100,100,100,34.76,55.52,72.34,15.98,0.0
2026-03-07 23:30:00,58.34,61.05,56.05,58.47,64.29,64.46,67.9,69.18,100,100,100,100,35.15,54.94,72.1,16.83,0.0
2026-03-07 23:45:00,58.35,60.64,55.41,57.73,63.43,65.73,68.4,69.91,100,100,100,100,35.46,54.36,72.63,18.16,0.0
2026-03-08 00:00:00,58.04,60.7,55.32,57.73,61.45,66.16,67.67,69.72,100,100,100,100,36.15,54.18,73.48,19.46,0.0
2026-03-08 00:15:00,57.88,60.79,56.15,60.21,62.06,63.7,67.47,69.85,100,100,100,100,36.77,53.45,72.66,20.05,0.0
2026-03-08 00:30:00,57.14,61.28,55.2,59.7,60.29,63.71,68.66,72.35,100,100,100,100,36.51,54.51,72.98,19.42,0.0
2026-03-08 00:45:00,56.0,61.68,56.07,58.67,61.35,65.41,66.68,72.84,100,100,100,100,36.01,53.53,72.08,18.82,0.0
2026-03-08 01:00:00,58.23,61.16,55.69,56.92,61.54,67.25,68.07,73.54,100,100,100,100,35.84,54.39,71.26,17.64,0.0
2026-03-08 01:15:00,58.78,61.18,53.28,54.48,63.43,68.33,68.35,70.68,100,100,100,100,35.15,54.24,71.29,17.33,0.0
2026-03-08 01:30:00,58.19,61.1,52.83,55.24,62.58,69.14,66.24,71.56,100,100,100,100,34.77,54.33,70.87,18.04,0.0
2026-03-08 01:45:00,59.37,60.58,51.93,56.33,62.25,69.57,70.53,70.77,100,100,100,100,34.58,54.7,72.61,17.76,0.0
2026-03-08 02:00:00,59.64,61.58,52.34,55.44,60.83,65.57,70.67,69.86,100,100,100,100,34.95,54.22,72.83,18.66,0.0
2026-03-08 02:15:00,60.11,61.74,53.95,56.06,59.79,64.99,71.9,72.51,100,100,100,100,35.91,56.77,72.88,18.47,0.0
2026-03-08 02:30:00,59.91,61.47,52.96,53.55,63.16,62.49,74.88,72.36,100,100,100,100,35.93,56.17,72.88,17.92,0.0
2026-03-08 02:45:00,58.86,61.26,53.54,53.7,61.57,60.16,78.58,68.89,100,100,100,100,36.16,56.52,71.83,17.94,0.0
2026-03-08 03:00:00,58.22,59.91,54.17,56.63,63.81,62.32,75.02,68.83,100,100,100,100,35.93,55.54,71.8,17.79,0.0
2026-03-08 03:15:00,56.92,59.7,53.21,59.81,61.46,62.46,73.14,67.02,100,100,100,100,35.66,55.53,71.73,16.53,0.0
2026-03-08 03:30:00,58.39,59.4,54.25,61.82,58.26,64.31,74.0,66.73,100,100,100,100,35.58,54.98,71.88,16.26,0.0
2026-03-08 03:45:00,59.33,60.01,52.94,61.0,59.04,64.24,69.73,70.45,100,100,100,100,35.7,55.96,71.13,15.93,0.0
2026-03-08 04:00:00,57.69,60.07,52.48,58.78,56.83,62.61,72.56,69.88,100,100,100,100,35.69,56.87,70.88,15.51,0.0
2026-03-08 04:15:00,58.17,60.31,53.78,55.01,59.74,64.99,72.6,71.03,100,100,100,100,35.79,55.98,71.22,16.71,0.0
2026-03-08 04:30:00,55.41,59.46,52.57,55.29,61.12,64.77,72.44,72.57,100,100,100,100,35.76,55.43,70.84,17.07,0.0
2026-03-08 04:45:00,54.06,59.6,54.51,56.08,60.92,65.11,73.25,69.92,100,100,100,100,35.65,54.45,71.23,17.6,0.0
2026-03-08 05:00:00,54.57,60.52,54.65,56.72,61.81,66.57,72.57,71.56,100,100,100,100,35.08,53.79,70.53,17.36,0.0
2026-03-08 05:15:00,53.68,60.39,54.59,57.42,62.08,64.06,69.13,71.13,100,100,100,100,35.51,54.6,70.41,17.91,0.0
2026-03-08 05:30:00,57.33,61.88,55.07,55.72,62.64,63.69,69.99,68.13,100,100,100,100,36.04,55.2,70.05,16.98,0.0
2026-03-08 05:45:00,57.03,61.14,52.74,54.46,62.84,64.98,71.88,68.65,100,100,100,100,37.18,55.39,70.0,17.83,0.0
2026-03-08 06:00:00,56.89,60.66,52.05,54.55,65.22,62.93,70.05,67.06,100,100,100,100,38.19,55.98,70.57,17.66,0.0
2026-03-08 06:15:00,57.92,59.82,50.57,55.18,65.76,63.69,74.13,65.36,100,100,100,100,37.71,55.9,70.15,16.52,0.0
2026-03-08 06:30:00,57.78,58.78,53.32,55.15,64.83,63.53,73.97,66.46,100,100,100,100,37.23,57.25,71.27,16.86,0.0
2026-03-08 06:45:00,57.77,58.44,53.8,55.75,64.02,62.91,70.59,65.38,100,100,100,100,36.64,57.51,71.41,15.85,0.0
2026-03-08 07:00:00,58.97,59.0,53.99,56.75,59.76,62.19,74.2,64.47,100,100,100,100,36.13,55.79,71.21,16.26,0.0
2026-03-08 07:15:00,58.88,60.2,55.49,55.96,55.15,62.53,71.7,66.92,100,100,100,100,36.18,54.98,71.98,17.3,0.0
2026-03-08 07:30:00,57.07,60.58,53.99,57.21,56.02,61.17,70.9,67.23,100,100,100,100,36.48,54.45,72.34,17.26,0.0
2026-03-08 07:45:00,58.49,62.16,55.61,55.67,58.85,59.13,71.57,69.08,100,100,100,100,36.16,54.48,73.38,17.24,0.0
2026-03-08 08:00:00,57.77,62.19,53.02,53.27,62.7,62.05,70.85,70.83,100,100,100,100,37.2,56.4,72.91,17.34,0.0
2026-03-08 08:15:00,57.31,60.89,54.14,53.35,67.27,60.9,73.27,68.64,100,100,100,100,36.65,56.42,72.79,17.03,0.0
2026-03-08 08:30:00,58.1,61.18,53.81,53.89,66.96,62.21,73.13,67.36,100,100,100,100,36.82,55.31,72.0,17.56,0.0
2026-03-08 08:45:00,57.46,60.72,53.99,55.69,64.14,64.47,70.89,66.71,100,100,100,100,36.75,55.56,71.35,17.72,0.0
2026-03-08 09:00:00,57.4,60.85,57.05,58.27,62.76,64.07,68.93,66.9,100,100,100,100,35.46,54.89,71.78,18.42,0.0
2026-03-08 09:15:00,58.35,61.48,54.79,59.3,60.72,65.2,67.91,67.85,100,100,100,100,35.54,54.39,71.54,18.0,0.0
2026-03-08 09:30:00,59.48,60.47,53.69,59.31,63.29,65.2,65.9,68.86,100,100,100,100,35.0,54.92,72.0,18.71,0.0
2026-03-08 09:45:00,58.84,61.59,53.81,61.62,63.87,64.46,67.24,66.17,100,100,100,100,35.4,54.2,72.02,19.76,0.0
2026-03-08 10:00:00,60.36,61.37,54.23,61.36,64.34,63.33,68.21,65.91,100,100,100,100,36.13,55.06,72.08,20.2,0.0
2026-03-08 10:15:00,58.4,60.68,55.51,60.47,64.74,64.59,69.75,65.52,100,100,100,100,36.59,55.29,72.14,21.1,0.0
2026-03-08 10:30:00,57.09,60.81,57.4,59.67,62.5,63.67,70.78,65.39,100,100,100,100,36.51,55.49,71.8,21.4,0.0
2026-03-08 10:45:00,58.46,59.12,55.58,57.96,62.34,65.32,69.75,68.44,100,100,100,100,36.09,56.07,71.15,21.88,0.0
2026-03-08 11:00:00,57.07,58.65,55.75,57.41,61.85,65.44,68.96,69.23,100,100,100,100,35.04,55.74,72.04,20.74,0.0
2026-03-08 11:15:00,58.07,58.85,55.75,58.53,62.95,65.09,66.41,69.87,100,100,100,100,35.13,55.05,71.67,19.62,0.0
2026-03-08 11:30:00,58.03,59.51,54.3,58.6,62.12,66.91,68.18,70.86,100,100,100,100,35.73,56.19,71.92,19.31,0.0
2026-03-08 11:45:00,57.22,59.42,55.08,58.96,62.78,65.51,69.62,70.8,100,100,100,100,35.77,56.09,72.12,18.1,0.0
2026-03-08 12:00:00,56.57,59.99,53.85,58.6,63.1,66.41,71.38,69.2,100,100,100,100,36.52,56.73,70.39,17.42,0.0
2026-03-08 12:15:00,57.67,59.76,54.63,58.39,61.66,66.3,72.88,70.51,100,100,100,100,35.45,57.31,71.17,18.02,0.0
2026-03-08 12:30:00,58.09,60.39,54.98,57.67,60.79,66.86,71.76,69.75,100,100,100,100,34.64,56.41,71.16,17.46,0.0
2026-03-08 12:45:00,57.94,61.45,54.71,57.03,59.32,67.74,73.68,70.26,100,100,100,100,34.95,55.62,71.89,17.45,0.0
2026-03-08 13:00:00,59.06,60.17,57.46,57.11,59.58,66.36,73.3,71.18,100,100,100,100,34.52,54.56,72.8,18.52,0.0
2026-03-08 13:15:00,58.65,60.53,57.91,57.16,58.05,65.31,73.65,69.33,100,100,100,100,35.02,54.5,72.55,19.0,0.0
2026-03-08 13:30:00,59.0,60.76,58.05,57.95,60.39,63.47,74.76,66.95,100,100,100,100,35.64,53.77,71.58,19.67,0.0
2026-03-08 13:45:00,59.99,60.43,58.33,57.83,59.03,62.3,72.18,65.7,100,100,100,100,35.42,54.19,71.94,20.35,0.0
2026-03-08 14:00:00,58.69,61.91,54.69,58.84,58.04,63.66,74.31,63.94,100,100,100,100,36.01,55.44,71.33,19.71,0.0
2026-03-08 14:15:00,58.04,62.89,55.23,58.83,59.17,63.92,71.85,63.4,100,100,100,100,36.56,55.59,70.9,18.81,0.0
2026-03-08 14:30:00,57.99,61.61,55.36,57.81,59.53,64.77,70.82,64.87,100,100,100,100,36.88,56.85,72.11,18.36,0.0
2026-03-08 14:45:00,57.98,61.24,56.24,57.68,62.37,66.03,70.46,64.82,100,100,100,100,37.04,57.21,71.36,17.79,0.0
2026-03-08 15:00:00,58.58,60.88,58.36,57.06,61.28,64.86,70.22,65.34,100,100,100,100,37.27,55.98,72.71,17.33,0.0
2026-03-08 15:15:00,59.09,60.03,57.72,58.21,61.38,66.1,72.99,68.48,100,100,100,100,36.97,56.08,72.94,17.71,0.0
2026-03-08 15:30:00,59.49,60.94,58.74,60.04,65.43,66.18,73.38,67.57,100,100,100,100,36.23,56.14,72.96,17.21,0.0
2026-03-08 15:45:00,58.59,62.12,58.67,59.85,63.61,65.86,71.91,67.42,100,100,100,100,36.34,56.06,74.2,16.71,0.0
2026-03-08 16:00:00,59.01,61.81,59.7,58.73,66.31,67.92,70.06,67.83,100,100,100,100,36.23,57.15,73.44,17.53,0.0
2026-03-08 16:15:00,58.77,62.13,59.28,58.13,67.07,67.8,67.85,65.66,100,100,100,100,36.69,56.5,73.68,17.65,0.0
2026-03-08 16:30:00,57.65,61.84,58.93,57.11,61.66,68.28,66.03,66.83,100,100,100,100,36.25,55.75,72.52,18.2,0.0
2026-03-08 16:45:00,58.92,59.63,55.97,56.53,62.64,67.53,66.99,68.18,100,100,100,100,35.76,54.64,70.87,18.41,0.0
2026-03-08 17:00:00,59.13,59.23,53.36,56.72,61.3,65.18,65.36,68.12,100,100,100,100,35.02,52.91,71.0,17.96,0.0
2026-03-08 17:15:00,59.89,58.96,51.72,56.34,59.59,65.26,67.28,68.11,100,100,100,100,34.84,53.21,70.45,18.49,0.0
2026-03-08 17:30:00,61.03,58.75,51.53,56.97,58.22,65.17,67.29,68.51,100,100,100,100,35.16,52.54,71.37,18.17,0.0
2026-03-08 17:45:00,60.22,60.53,54.22,57.8,58.51,65.81,69.14,68.16,100,100,100,100,34.83,52.2,71.63,18.22,0.0
2026-03-08 18:00:00,60.12,61.73,55.39,57.62,58.78,67.74,69.3,69.11,100,100,100,100,35.33,53.3,71.91,17.84,0.0
2026-03-08 18:15:00,59.27,61.42,55.24,56.21,59.41,67.86,68.31,68.11,100,100,100,100,35.73,52.93,72.29,16.13,0.0
2026-03-08 18:30:00,58.54,62.38,56.17,55.12,60.73,67.57,69.26,67.45,100,100,100,100,36.55,54.79,72.65,17.53,0.0
2026-03-08 18:45:00,58.42,61.55,56.06,54.06,61.62,67.53,67.98,67.27,100,100,100,100,36.48,55.31,72.79,17.39,0.0
2026-03-08 19:00:00,57.99,61.06,55.5,54.67,61.18,67.52,68.9,67.41,100,100,100,100,36.47,53.91,72.12,17.84,0.0
2026-03-08 19:15:00,58.66,61.25,55.71,54.5,62.73,67.45,67.57,69.95,100,100,100,100,35.98,55.76,73.36,18.51,0.0
2026-03-08 19:30:00,57.81,59.74,54.61,54.7,64.87,68.33,67.72,69.44,100,100,100,100,35.48,55.0,72.54,17.54,0.0
2026-03-08 19:45:00,59.47,59.58,54.47,54.84,66.41,66.59,67.25,70.53,100,100,100,100,36.25,54.66,72.92,17.47,0.0
2026-03-08 20:00:00,58.65,58.36,55.59,55.53,66.06,67.53,67.84,68.56,100,100,100,100,36.89,54.88,73.25,18.3,0.0
2026-03-08 20:15:00,57.29,59.11,55.95,56.0,65.71,66.25,70.02,67.98,100,100,100,100,36.76,55.19,71.94,17.95,0.0
2026-03-08 20:30:00,58.77,60.8,55.45,56.9,66.64,65.52,72.15,68.05,100,100,100,100,36.53,53.88,72.31,17.28,0.0
2026-03-08 20:45:00,57.8,61.86,54.19,58.28,64.77,66.6,71.53,67.19,100,100,100,100,36.65,54.5,72.01,17.11,0.0
2026-03-08 21:00:00,59.02,62.7,53.42,57.76,65.15,64.82,69.79,68.06,100,100,100,100,36.07,54.99,71.6,16.07,0.0
2026-03-08 21:15:00,60.4,62.64,54.07,57.18,64.29,65.07,70.31,66.6,100,100,100,100,35.92,54.64,71.09,16.68,0.0
2026-03-08 21:30:00,59.52,60.57,54.38,56.71,61.13,64.59,69.45,66.28,100,100,100,100,35.81,56.39,71.04,16.27,0.0
2026-03-08 21:45:00,58.26,60.65,54.53,55.32,61.13,65.59,70.72,65.33,100,100,100,100,35.28,56.76,70.47,17.57,0.0
2026-03-08 22:00:00,57.85,62.0,55.08,54.46,62.56,66.01,77.12,66.6,100,100,100,100,35.72,56.23,71.28,17.93,0.0
2026-03-08 22:15:00,56.87,61.99,56.19,55.13,62.62,64.65,75.56,68.15,100,100,100,100,35.6,55.28,72.05,18.82,0.0
2026-03-08 22:30:00,57.61,62.89,57.02,53.38,62.47,65.7,73.9,68.47,100,100,100,100,36.15,54.93,72.32,21.23,0.0
2026-03-08 22:45:00,58.17,62.77,56.04,56.72,62.14,64.86,72.68,67.82,100,100,100,100,36.06,54.31,73.06,20.77,0.0
2026-03-08 23:00:00,57.49,61.65,55.51,57.39,62.56,65.01,69.43,68.02,100,100,100,100,35.38,56.04,72.65,21.46,0.0
2026-03-08 23:15:00,57.76,60.58,55.22,55.81,62.28,66.14,68.99,66.91,100,100,100,100,35.77,56.04,70.81,21.37,0.0
2026-03-08 23:30:00,57.34,60.05,54.5,58.46,63.65,64.73,71.3,68.8,100,100,100,100,35.64,56.25,70.59,19.23,0.0
2026-03-08 23:45:00,57.03,59.39,56.57,56.67,64.95,66.61,72.6,66.32,100,100,100,100,35.76,57.08,70.93,19.44,0.0
2026-03-09 00:00:00,57.03,59.36,57.38,57.32,63.18,67.28,70.32,65.95,100,100,100,100,35.64,56.22,70.87,17.74,0.0
2026-03-09 00:15:00,57.45,58.4,57.39,59.36,63.43,67.64,72.71,66.31,100,100,100,100,34.76,56.39,72.39,16.91,0.0
2026-03-09 00:30:00,57.33,61.07,58.44,56.98,60.92,65.85,70.97,64.92,100,100,100,100,34.67,55.43,72.56,16.62,0.0
2026-03-09 00:45:00,57.37,60.94,59.74,57.11,61.11,62.75,69.9,66.62,100,100,100,100,34.85,55.15,72.52,15.65,0.0
2026-03-09 01:00:00,57.63,61.74,59.7,56.18,62.74,63.33,69.87,66.85,100,100,100,100,34.84,56.51,72.23,16.33,0.0
2026-03-09 01:15:00,57.62,63.37,59.45,55.04,63.78,63.74,69.98,67.15,100,100,100,100,35.05,57.43,72.34,16.37,0.0
2026-03-09 01:30:00,56.35,62.34,58.8,55.84,66.34,63.94,71.43,68.56,100,100,100,100,35.79,57.44,71.68,16.99,0.0
2026-03-09 01:45:00,55.68,64.0,57.37,54.92,68.61,64.85,71.68,69.83,100,100,100,100,36.02,56.9,70.28,17.83,0.0
2026-03-09 02:00:00,55.49,62.85,57.11,55.82,67.72,64.3,71.2,69.09,100,100,100,100,36.05,54.39,71.15,18.6,0.0
2026-03-09 02:15:00,55.16,62.62,56.94,58.13,68.56,63.7,67.91,69.96,100,100,100,100,36.46,54.17,71.28,18.53,0.0
2026-03-09 02:30:00,56.48,62.2,57.16,59.4,68.85,65.19,63.97,69.39,100,100,100,100,35.8,52.72,71.81,19.09,0.0
2026-03-09 02:45:00,58.64,61.42,56.66,58.96,64.67,65.48,66.13,67.38,100,100,100,100,35.92,53.48,72.42,19.01,0.0
2026-03-09 03:00:00,59.82,61.9,55.59,58.68,64.06,65.31,67.77,64.63,100,100,100,100,36.26,54.09,72.44,19.18,0.0
2026-03-09 03:15:00,59.86,62.01,55.95,57.77,62.11,66.51,67.92,63.34,100,100,100,100,35.96,53.26,72.43,18.57,0.0
2026-03-09 03:30:00,59.62,60.77,55.02,55.19,60.62,67.75,71.4,64.06,100,100,100,100,35.86,54.78,72.05,17.98,0.0
2026-03-09 03:45:00,57.76,60.21,54.52,53.57,59.49,68.06,69.86,66.34,100,100,100,100,35.5,55.4,72.21,17.28,0.0
2026-03-09 04:00:00,57.1,59.43,54.64,51.53,59.07,68.82,67.51,70.75,100,100,100,100,35.5,55.92,71.21,15.92,0.0
2026-03-09 04:15:00,57.0,59.54,54.42,50.87,59.85,67.1,68.59,71.03,100,100,100,100,36.3,56.54,71.71,16.89,0.0
2026-03-09 04:30:00,57.26,61.17,54.19,52.29,62.52,67.85,69.35,68.57,100,100,100,100,36.33,57.35,71.9,16.91,0.0
2026-03-09 04:45:00,57.39,61.35,56.54,54.6,64.17,66.64,70.92,70.48,100,100,100,100,36.24,56.11,71.9,16.83,0.0
2026-03-09 05:00:00,57.79,62.22,56.61,57.02,65.36,65.43,70.41,68.01,100,100,100,100,36.56,57.09,73.12,17.9,0.0
2026-03-09 05:15:00,59.16,61.25,55.26,56.53,63.97,65.52,73.03,67.95,100,100,100,100,36.34,56.25,73.17,17.13,0.0
2026-03-09 05:30:00,58.84,60.79,58.48,56.56,61.23,63.4,72.14,68.28,100,100,100,100,36.28,56.16,73.02,17.41,0.0
2026-03-09 05:45:00,59.76,60.21,56.5,55.57,61.44,63.54,70.79,66.45,100,100,100,100,35.97,57.35,73.02,18.16,0.0
2026-03-09 06:00:00,59.89,58.78,58.4,54.15,61.99,63.51,76.2,66.84,100,100,100,100,35.35,56.76,72.03,17.4,0.0
2026-03-09 06:15:00,58.44,60.57,60.04,54.84,61.18,65.72,76.43,67.63,100,100,100,100,35.16,57.28,71.92,18.11,0.0
2026-03-09 06:30:00,58.69,60.12,57.79,55.02,62.62,65.68,75.72,68.39,100,100,100,100,36.06,57.03,73.0,18.59,0.0
2026-03-09 06:45:00,58.39,60.48,57.43,56.56,62.71,66.95,73.94,68.18,100,100,100,100,36.29,56.75,72.92,17.98,0.0
2026-03-09 07:00:00,57.95,61.99,55.73,58.48,59.94,68.11,68.42,68.1,100,100,100,100,36.22,55.99,73.87,18.2,0.0
2026-03-09 07:15:00,57.67,61.95,54.27,58.21,61.05,65.94,65.53,67.18,100,100,100,100,36.33,55.82,73.57,18.25,0.0
2026-03-09 07:30:00,57.52,61.63,54.55,58.48,58.38,66.95,64.89,66.33,100,100,100,100,35.75,56.54,71.51,18.16,0.0
2026-03-09 07:45:00,57.89,62.52,55.12,57.37,57.71,64.38,69.09,67.62,100,100,100,100,35.76,55.34,71.36,17.82,0.0
2026-03-09 08:00:00,58.9,62.2,54.99,55.72,59.86,64.88,69.5,68.14,100,100,100,100,35.85,55.12,70.45,17.99,0.0
2026-03-09 08:15:00,60.2,60.91,58.0,55.58,61.5,66.03,68.27,68.09,100,100,100,100,35.7,55.83,70.18,17.56,0.0
2026-03-09 08:30:00,61.8,61.45,56.26,54.17,62.24,67.11,68.64,70.59,100,100,100,100,36.13,54.14,70.34,17.54,0.0
2026-03-09 08:45:00,60.85,60.14,55.15,53.49,60.6,69.35,63.26,68.55,100,100,100,100,35.79,55.88,71.06,17.67,0.0
2026-03-09 09:00:00,60.41,60.1,54.65,53.4,58.81,65.96,63.78,68.54,100,100,100,100,35.89,56.44,71.55,18.17,0.0
2026-03-09 09:15:00,59.83,61.55,53.01,52.99,58.05,66.88,65.45,69.04,100,100,100,100,35.88,55.76,71.38,18.35,0.0
2026-03-09 09:30:00,59.86,60.3,55.69,53.36,57.89,66.6,64.23,69.11,100,100,100,100,35.7,56.42,71.42,18.67,0.0
2026-03-09 09:45:00,59.83,60.74,56.5,54.32,60.64,65.19,66.98,71.19,100,100,100,100,36.25,56.2,71.24,19.25,0.0
2026-03-09 10:00:00,58.54,60.79,57.87,55.0,61.28,68.25,68.33,70.24,100,100,100,100,36.78,55.31,71.04,19.08,0.0
2026-03-09 10:15:00,57.96,59.65,56.59,55.69,63.53,65.3,65.89,70.96,100,100,100,100,36.76,54.52,71.6,19.04,0.0
2026-03-09 10:30:00,54.72,60.54,54.89,57.13,65.85,62.72,68.24,70.28,100,100,100,100,37.01,54.62,73.63,18.1,0.0
2026-03-09 10:45:00,54.93,60.93,53.47,57.18,64.44,65.79,69.49,68.16,100,100,100,100,36.56,54.16,73.06,18.04,0.0
2026-03-09 11:00:00,54.99,60.56,51.15,56.8,64.59,65.29,71.22,70.36,100,100,100,100,36.04,54.59,73.56,17.3,0.0
2026-03-09 11:15:00,55.56,58.95,52.76,56.99,62.49,66.87,74.6,69.23,100,100,100,100,35.82,55.55,72.86,17.57,0.0
2026-03-09 11:30:00,57.41,58.29,53.86,58.04,62.85,69.1,72.91,68.08,100,100,100,100,35.25,55.97,71.76,17.57,0.0
2026-03-09 11:45:00,59.21,57.67,56.67,59.22,61.29,67.14,72.64,67.42,100,100,100,100,35.56,56.35,71.66,17.93,0.0
2026-03-09 12:00:00,60.49,58.62,58.52,59.81,61.17,65.36,70.73,65.49,100,100,100,100,35.99,55.87,70.86,17.55,0.0
2026-03-09 12:15:00,59.94,60.78,54.89,59.14,59.51,64.71,70.02,64.82,100,100,100,100,36.28,54.84,71.09,17.27,0.0
2026-03-09 12:30:00,59.01,60.37,53.09,57.56,57.86,62.57,70.47,67.34,100,100,100,100,35.91,54.02,70.26,16.61,0.0
2026-03-09 12:45:00,57.98,60.91,50.64,56.3,60.76,61.42,66.08,68.56,100,100,100,100,36.07,53.73,72.11,16.59,0.0
2026-03-09 13:00:00,56.27,60.41,50.21,55.58,63.75,63.49,65.47,69.76,100,100,100,100,36.04,54.55,72.64,17.85,0.0
2026-03-09 13:15:00,58.08,59.73,52.69,55.37,62.95,63.9,64.94,70.35,100,100,100,100,36.19,55.88,72.86,18.45,0.0
2026-03-09 13:30:00,59.64,60.76,54.35,55.83,64.64,63.99,66.82,68.08,100,100,100,100,36.76,57.0,73.8,19.3,0.0
2026-03-09 13:45:00,58.92,60.78,57.41,57.89,63.51,66.42,72.94,68.31,100,100,100,100,36.9,55.36,72.62,18.82,0.0
2026-03-09 14:00:00,58.62,60.9,58.53,58.34,57.69,63.77,74.63,68.38,100,100,100,100,36.32,55.53,71.5,19.29,0.0
2026-03-09 14:15:00,58.26,60.6,59.14,57.9,60.15,64.01,74.49,66.59,100,100,100,100,35.86,54.69,70.92,17.84,0.0
2026-03-09 14:30:00,57.29,60.24,59.86,58.18,58.19,66.58,71.92,65.9,100,100,100,100,35.21,52.07,71.36,17.03,0.0
2026-03-09 14:45:00,58.57,59.94,57.94,57.06,57.38,64.47,68.98,64.18,100,100,100,100,34.74,53.53,71.42,17.06,0.0
2026-03-09 15:00:00,58.66,60.91,57.82,56.67,59.85,66.9,67.66,64.31,100,100,100,100,34.88,54.46,72.73,16.44,0.0
2026-03-09 15:15:00,57.2,62.2,56.82,56.87,58.86,65.73,68.97,65.64,100,100,100,100,35.51,54.46,71.81,18.04,0.0
2026-03-09 15:30:00,57.29,63.25,55.5,55.64,59.57,64.68,70.65,64.04,100,100,100,100,35.31,55.77,72.38,19.0,0.0
2026-03-09 15:45:00,56.39,62.52,56.86,55.16,59.86,66.06,70.21,66.86,100,100,100,100,35.17,56.24,71.92,18.89,0.0
2026-03-09 16:00:00,57.25,60.85,56.26,55.48,59.78,67.0,70.11,65.76,100,100,100,100,35.34,55.27,70.99,18.58,0.0
2026-03-09 16:15:00,58.17,60.61,56.15,56.61,61.98,68.94,70.22,65.12,100,100,100,100,35.35,55.75,72.34,17.76,0.0
2026-03-09 16:30:00,57.36,60.74,56.0,57.3,59.77,68.33,67.83,66.99,100,100,100,100,35.86,56.42,71.38,18.49,0.0
2026-03-09 16:45:00,57.22,60.9,55.96,57.37,59.69,66.42,67.72,64.49,100,100,100,100,35.9,56.82,71.73,17.93,0.0
2026-03-09 17:00:00,57.65,61.3,56.49,57.14,58.91,63.54,66.81,63.79,100,100,100,100,34.82,55.63,72.42,17.73,0.0
2026-03-09 17:15:00,57.57,60.37,59.86,56.5,58.39,61.93,68.3,65.1,100,100,100,100,34.62,56.42,71.51,17.87,0.0
2026-03-09 17:30:00,58.9,59.5,60.38,55.96,58.61,61.67,69.1,64.99,100,100,100,100,34.71,56.42,71.38,16.87,0.0
2026-03-09 17:45:00,58.17,60.64,59.85,56.04,61.83,64.38,66.93,67.69,100,100,100,100,35.29,56.49,70.85,17.52,0.0
2026-03-09 18:00:00,56.93,60.56,57.32,56.39,62.78,65.27,68.24,68.06,100,100,100,100,36.17,57.77,69.9,17.81,0.0
2026-03-09 18:15:00,57.5,60.51,54.31,57.5,60.75,65.64,67.45,67.78,100,100,100,100,36.01,57.22,70.92,17.19,0.0
2026-03-09 18:30:00,57.21,59.94,52.43,59.16,62.49,66.3,68.02,69.52,100,100,100,100,36.4,57.6,70.56,16.8,0.0
2026-03-09 18:45:00,57.5,59.22,53.64,59.31,63.16,65.49,70.38,69.53,100,100,100,100,36.41,56.22,70.52,17.14,0.0
2026-03-09 19:00:00,59.81,59.21,55.05,60.17,63.04,65.14,66.71,68.87,100,100,100,100,36.7,56.25,71.28,16.31,0.0
2026-03-09 19:15:00,58.94,60.69,54.18,60.61,62.17,66.09,66.53,69.18,100,100,100,100,36.58,56.22,72.05,17.26,0.0
2026-03-09 19:30:00,59.57,61.08,55.46,57.78,62.13,66.91,68.72,67.04,100,100,100,100,36.32,56.01,72.72,18.57,0.0
2026-03-09 19:45:00,60.19,60.58,53.83,56.53,60.33,67.38,67.76,65.96,100,100,100,100,36.52,56.14,72.99,18.76,0.0
2026-03-09 20:00:00,60.57,61.16,54.67,54.87,59.13,69.55,70.68,66.47,100,100,100,100,36.22,54.43,73.63,19.68,0.0
2026-03-09 20:15:00,61.8,60.4,56.38,55.14,63.97,69.2,70.35,64.59,100,100,100,100,35.62,53.86,72.74,18.66,0.0
2026-03-09 20:30:00,60.73,60.93,56.87,57.18,63.59,66.81,69.38,63.54,100,100,100,100,35.63,53.66,72.59,18.09,0.0
2026-03-09 20:45:00,61.4,61.62,56.79,57.02,63.93,66.04,71.54,63.39,100,100,100,100,35.34,53.06,72.38,16.88,0.0
2026-03-09 21:00:00,60.34,60.94,56.46,56.83,66.51,63.06,73.38,64.14,100,100,100,100,34.95,53.27,71.25,17.09,0.0
2026-03-09 21:15:00,60.05,60.86,54.26,53.78,63.79,61.44,72.77,65.71,100,100,100,100,36.05,53.72,71.46,16.97,0.0
2026-03-09 21:30:00,59.52,61.34,52.06,51.68,63.45,62.07,71.29,65.81,100,100,100,100,35.86,53.54,71.38,17.79,0.0
2026-03-09 21:45:00,59.3,60.53,51.83,54.52,64.21,61.01,69.74,68.01,100,100,100,100,35.0,54.3,70.9,19.33,0.0
2026-03-09 22:00:00,59.61,61.38,51.2,55.92,65.37,62.96,69.05,68.16,100,100,100,100,35.06,56.12,71.42,18.3,0.0
2026-03-09 22:15:00,57.27,62.0,51.49,58.88,64.34,63.21,67.34,68.17,100,100,100,100,34.53,55.55,72.29,18.54,0.0
2026-03-09 22:30:00,57.1,61.2,54.25,59.55,68.31,65.11,68.77,68.63,100,100,100,100,34.87,55.32,72.32,18.28,0.0
2026-03-09 22:45:00,55.06,63.71,54.61,57.99,67.59,65.78,66.46,67.72,100,100,100,100,35.57,55.2,72.82,17.44,0.0
2026-03-09 23:00:00,54.06,64.33,54.48,57.26,66.33,66.4,66.26,67.31,100,100,100,100,36.03,54.37,72.7,17.48,0.0
2026-03-09 23:15:00,55.92,62.6,56.25,55.92,66.71,67.35,69.34,68.43,100,100,100,100,36.34,54.37,71.35,17.6,0.0
2026-03-09 23:30:00,57.93,63.56,55.87,55.88,63.4,66.86,66.39,68.53,100,100,100,100,36.29,54.38,71.15,16.7,0.0
2026-03-09 23:45:00,59.52,62.22,54.08,52.93,62.41,66.55,70.06,67.31,100,100,100,100,36.65,54.39,72.26,16.91,0.0
2026-03-10 00:00:00,60.94,60.37,55.3,53.51,63.02,66.41,70.88,65.53,100,100,100,100,36.14,56.01,71.88,17.76,0.0
2026-03-10 00:15:00,59.37,61.75,55.2,52.54,63.12,66.86,68.48,65.28,100,100,100,100,36.48,54.86,71.57,18.67,0.0
2026-03-10 00:30:00,56.96,60.82,55.09,54.35,64.02,66.04,70.62,65.41,100,100,100,100,35.72,54.76,72.13,18.03,0.0
2026-03-10 00:45:00,56.87,60.91,57.48,56.88,63.67,65.58,70.97,63.55,100,100,100,100,35.61,55.98,72.06,18.1,0.0
2026-03-10 01:00:00,55.93,60.98,55.61,55.7,63.23,63.87,72.11,64.08,100,100,100,100,36.06,55.21,72.52,17.99,0.0
2026-03-10 01:15:00,56.94,60.04,56.62,56.28,62.44,64.91,72.83,62.14,100,100,100,100,35.6,57.05,74.1,18.32,0.0
2026-03-10 01:30:00,56.67,61.51,56.9,56.16,61.52,65.69,74.21,62.76,100,100,100,100,35.19,56.41,73.18,18.8,0.0
2026-03-10 01:45:00,56.65,60.98,57.64,56.7,60.44,66.98,73.23,64.84,100,100,100,100,34.78,54.86,71.98,18.65,0.0
2026-03-10 02:00:00,55.38,62.07,57.75,55.92,59.43,65.69,72.01,66.35,100,100,100,100,34.57,54.75,72.43,19.69,0.0
2026-03-10 02:15:00,55.91,63.31,57.09,57.38,61.02,64.98,70.79,67.31,100,100,100,100,33.79,53.81,71.19,18.81,0.0
2026-03-10 02:30:00,57.73,62.04,55.34,56.59,61.14,65.26,69.67,68.83,100,100,100,100,34.68,53.74,71.55,19.63,0.0
2026-03-10 02:45:00,57.09,61.76,52.82,58.6,63.48,66.12,68.35,68.19,100,100,100,100,34.92,54.76,72.13,19.37,0.0
2026-03-10 03:00:00,57.69,61.59,55.09,59.67,63.24,67.56,67.27,66.78,100,100,100,100,34.88,55.72,71.4,19.09,0.0
2026-03-10 03:15:00,56.39,62.09,53.86,59.64,62.11,66.42,69.96,66.27,100,100,100,100,35.54,56.37,72.5,18.39,0.0
2026-03-10 03:30:00,56.07,62.28,55.14,59.58,62.75,66.09,67.6,64.96,100,100,100,100,35.47,57.88,71.92,17.0,0.0
2026-03-10 03:45:00,57.49,62.8,56.08,56.2,60.49,64.81,66.56,66.49,100,100,100,100,34.65,59.46,71.38,18.27,0.0
2026-03-10 04:00:00,57.14,62.37,55.73,56.66,62.98,63.29,66.67,67.41,100,100,100,100,34.45,58.73,70.84,16.55,0.0
2026-03-10 04:15:00,58.31,61.47,55.96,55.4,63.38,63.43,65.5,65.55,100,100,100,100,34.55,57.96,69.91,16.83,0.0
2026-03-10 04:30:00,57.96,61.06,55.9,55.56,62.33,62.37,65.15,65.86,100,100,100,100,34.46,58.11,70.86,17.87,0.0
2026-03-10 04:45:00,56.65,61.02,56.89,55.14,62.59,64.38,67.48,64.25,100,100,100,100,35.63,56.09,71.17,16.17,0.0
2026-03-10 05:00:00,57.31,61.76,53.05,56.24,63.43,67.24,68.64,65.13,100,100,100,100,36.52,55.57,72.57,16.78,0.0
2026-03-10 05:15:00,56.15,62.44,53.31,56.08,63.06,68.42,68.29,66.89,100,100,100,100,36.32,56.3,73.51,16.5,0.0
2026-03-10 05:30:00,56.13,63.35,51.63,56.84,62.44,68.45,70.92,67.83,100,100,100,100,36.44,55.74,73.22,16.28,0.0
2026-03-10 05:45:00,55.83,63.4,52.38,57.51,63.82,66.75,71.48,69.7,100,100,100,100,35.99,54.23,74.43,18.21,0.0
2026-03-10 06:00:00,57.38,64.02,56.05,58.42,62.63,65.23,73.09,68.64,100,100,100,100,35.79,54.9,74.41,18.42,0.0
2026-03-10 06:15:00,58.19,63.09,56.31,58.18,64.18,65.21,75.4,69.4,100,100,100,100,35.54,54.8,74.47,18.75,0.0
2026-03-10 06:30:00,58.08,62.39,58.44,57.28,66.24,65.24,73.84,67.63,100,100,100,100,35.55,54.54,74.65,18.01,0.0
2026-03-10 06:45:00,59.14,60.96,57.22,56.68,65.79,63.67,75.5,68.09,100,100,100,100,35.34,56.56,73.18,16.62,0.0
2026-03-10 07:00:00,57.58,59.93,55.79,54.42,66.65,63.32,75.37,67.99,100,100,100,100,35.45,54.94,73.32,17.69,0.0
2026-03-10 07:15:00,57.39,60.39,57.24,55.32,66.04,61.97,74.27,67.21,100,100,100,100,35.98,54.57,72.68,17.05,0.0
2026-03-10 07:30:00,58.37,61.2,58.19,55.95,64.03,63.04,76.27,69.49,100,100,100,100,35.48,55.83,72.58,17.91,0.0
2026-03-10 07:45:00,58.78,62.27,58.84,58.15,64.85,64.29,75.19,66.58,100,100,100,100,35.3,55.04,73.15,17.55,0.0
2026-03-10 08:00:00,58.47,63.52,60.53,57.78,62.52,65.91,73.67,65.43,100,100,100,100,34.84,56.04,72.48,16.24,0.0
2026-03-10 08:15:00,58.2,63.66,59.02,57.67,63.33,66.83,72.46,66.56,100,100,100,100,34.71,57.16,72.66,18.04,0.0
2026-03-10 08:30:00,57.53,62.29,56.78,56.56,64.23,66.0,72.04,64.01,100,100,100,100,35.41,56.37,73.09,17.33,0.0
2026-03-10 08:45:00,55.24,62.61,56.66,56.18,65.46,67.68,74.5,66.65,100,100,100,100,36.09,55.96,72.62,17.59,0.0
2026-03-10 09:00:00,54.5,61.15,54.96,57.19,66.89,67.57,73.2,66.8,100,100,100,100,35.96,56.94,72.74,17.6,0.0
2026-03-10 09:15:00,55.96,61.43,54.88,56.98,68.11,66.28,74.06,67.34,100,100,100,100,36.2,55.64,72.06,17.23,0.0
2026-03-10 09:30:00,57.4,62.12,54.98,58.92,68.86,66.32,72.31,69.08,100,100,100,100,36.25,54.73,70.99,18.2,0.0
2026-03-10 09:45:00,58.94,61.36,53.1,59.19,67.14,63.89,69.76,67.86,100,100,100,100,36.14,55.53,72.01,18.2,0.0
2026-03-10 10:00:00,60.5,61.56,54.32,59.27,63.78,63.63,72.71,70.83,100,100,100,100,36.39,54.41,71.04,18.42,0.0
2026-03-10 10:15:00,59.71,60.39,54.29,59.08,62.69,63.43,69.56,70.23,100,100,100,100,36.33,54.26,71.43,18.18,0.0
2026-03-10 10:30:00,60.79,59.27,54.47,56.75,63.51,65.64,73.69,70.9,100,100,100,100,35.93,54.05,71.6,17.32,0.0
2026-03-10 10:45:00,61.81,59.26,57.12,56.44,61.66,65.81,71.31,69.89,100,100,100,100,35.49,53.1,71.8,18.84,0.0
2026-03-10 11:00:00,61.29,59.15,55.98,54.85,61.2,66.46,70.1,69.26,100,100,100,100,35.76,53.02,72.57,18.05,0.0
2026-03-10 11:15:00,60.34,59.15,55.0,55.52,58.23,66.72,73.41,68.26,100,100,100,100,34.99,54.06,72.3,17.97,0.0
2026-03-10 11:30:00,56.82,61.06,54.39,57.85,56.56,65.24,68.69,66.39,100,100,100,100,35.58,55.05,72.15,18.68,0.0
2026-03-10 11:45:00,56.14,60.76,53.12,56.44,56.08,66.35,70.75,68.27,100,100,100,100,36.34,55.65,71.4,18.06,0.0
2026-03-10 12:00:00,55.66,60.18,54.99,58.91,56.35,65.91,69.63,68.37,100,100,100,100,36.83,56.7,70.61,18.68,0.0
2026-03-10 12:15:00,55.31,59.9,56.18,57.86,56.85,65.69,67.37,70.04,100,100,100,100,37.58,56.4,70.89,17.7,0.0
2026-03-10 12:30:00,56.03,59.18,55.85,56.57,56.37,64.76,70.45,71.15,100,100,100,100,37.36,56.63,71.4,17.67,0.0
2026-03-10 12:45:00,55.07,60.87,53.67,57.26,55.36,63.89,69.9,72.13,100,100,100,100,36.97,55.97,71.57,16.29,0.0
2026-03-10 13:00:00,56.9,61.37,51.96,55.28,57.46,62.66,71.14,74.46,100,100,100,100,36.35,54.31,73.71,16.73,0.0
2026-03-10 13:15:00,58.63,61.87,53.26,56.38,57.15,62.61,70.72,72.89,100,100,100,100,35.98,54.4,73.41,19.39,0.0
2026-03-10 13:30:00,59.11,62.55,54.66,55.2,54.51,64.43,67.0,71.05,100,100,100,100,36.22,53.9,74.18,19.14,0.0
2026-03-10 13:45:00,61.03,63.13,55.54,56.14,57.16,65.82,66.7,68.63,100,100,100,100,36.83,55.47,73.56,19.98,0.0
2026-03-10 14:00:00,59.82,63.36,56.2,56.8,56.28,66.58,64.54,66.03,100,100,100,100,36.6,55.64,72.31,20.79,0.0
2026-03-10 14:15:00,58.52,62.28,54.08,55.46,56.87,66.88,64.44,68.16,100,100,100,100,36.92,55.52,73.12,18.28,0.0
2026-03-10 14:30:00,59.66,60.71,53.48,56.17,60.08,64.11,67.36,68.72,100,100,100,100,36.36,55.79,72.76,18.83,0.0
2026-03-10 14:45:00,58.96,59.6,55.17,55.64,61.74,60.27,65.15,69.34,100,100,100,100,35.25,53.98,73.31,17.12,0.0
2026-03-10 15:00:00,58.12,59.59,55.81,56.52,62.62,62.2,67.97,69.98,100,100,100,100,35.08,53.38,72.6,15.98,0.0
2026-03-10 15:15:00,58.63,59.47,56.9,56.74,64.12,62.75,70.54,68.3,100,100,100,100,34.39,53.42,71.53,16.24,0.0
2026-03-10 15:30:00,56.83,60.57,56.38,57.89,64.46,64.48,68.19,69.19,100,100,100,100,34.83,53.84,71.11,15.59,0.0
2026-03-10 15:45:00,55.39,60.63,56.14,56.59,65.25,67.78,69.97,68.47,100,100,100,100,35.02,55.47,70.9,17.1,0.0
2026-03-10 16:00:00,56.86,59.56,55.16,55.41,65.29,66.82,68.0,68.34,100,100,100,100,35.36,55.94,72.06,16.83,0.0
2026-03-10 16:15:00,58.43,61.91,54.03,53.81,64.12,66.5,67.28,70.37,100,100,100,100,36.08,56.11,72.19,17.13,0.0
2026-03-10 16:30:00,58.04,61.7,53.8,53.96,62.81,65.45,68.06,70.96,100,100,100,100,35.84,56.58,71.72,17.09,0.0
2026-03-10 16:45:00,59.5,61.65,52.91,53.49,61.09,67.38,67.13,72.94,100,100,100,100,35.96,56.93,71.91,17.98,0.0
2026-03-10 17:00:00,58.32,62.15,53.1,53.46,58.99,66.56,68.94,71.79,100,100,100,100,35.79,58.54,71.2,18.18,0.0
2026-03-10 17:15:00,56.52,62.2,53.75,55.44,59.29,66.69,68.81,72.21,100,100,100,100,35.81,57.33,71.54,18.31,0.0
2026-03-10 17:30:00,57.12,63.56,51.73,55.31,61.8,67.04,71.92,71.49,100,100,100,100,36.22,56.38,72.44,18.06,0.0
2026-03-10 17:45:00,56.05,63.33,51.67,57.04,62.33,63.12,76.03,72.0,100,100,100,100,36.67,55.38,71.52,16.99,0.0
2026-03-10 18:00:00,56.58,64.63,53.42,58.05,64.86,64.3,76.74,73.74,100,100,100,100,36.58,52.94,72.01,15.77,0.0
2026-03-10 18:15:00,56.32,62.87,52.21,58.3,65.77,64.8,76.36,73.13,100,100,100,100,36.07,54.51,71.99,16.08,0.0
2026-03-10 18:30:00,56.97,61.45,56.28,56.95,64.49,63.79,72.24,71.57,100,100,100,100,36.02,55.29,71.47,16.08,0.0
2026-03-10 18:45:00,57.58,60.75,57.45,57.85,63.76,67.49,72.34,69.7,100,100,100,100,35.3,54.07,73.23,15.21,0.0
2026-03-10 19:00:00,57.36,59.7,55.79,58.54,63.43,66.39,68.92,69.59,100,100,100,100,35.46,55.67,72.8,16.96,0.0
2026-03-10 19:15:00,57.31,59.82,58.66,58.68,62.55,67.23,69.37,70.03,100,100,100,100,35.65,54.38,71.8,16.31,0.0
2026-03-10 19:30:00,56.67,59.61,56.82,59.43,59.08,68.03,70.44,71.17,100,100,100,100,35.56,53.96,72.81,17.29,0.0
2026-03-10 19:45:00,57.27,60.61,56.03,58.56,57.4,64.8,70.25,69.09,100,100,100,100,36.29,55.24,71.04,18.27,0.0
2026-03-10 20:00:00,57.83,59.69,55.76,56.66,59.3,63.56,71.25,65.86,100,100,100,100,35.62,53.97,71.1,18.69,0.0
2026-03-10 20:15:00,57.78,59.48,54.89,57.26,60.61,61.79,68.91,62.3,100,100,100,100,36.03,53.85,72.23,18.69,0.0
2026-03-10 20:30:00,58.28,59.41,56.6,58.46,62.45,61.76,70.3,63.08,100,100,100,100,36.14,55.26,71.01,18.26,0.0
2026-03-10 20:45:00,58.28,59.38,59.65,57.75,61.19,61.19,65.92,65.16,100,100,100,100,36.33,56.14,71.67,18.98,0.0
2026-03-10 21:00:00,56.65,61.5,59.57,58.33,62.19,61.19,66.43,69.25,100,100,100,100,37.56,57.69,70.91,18.21,0.0
2026-03-10 21:15:00,57.79,62.04,59.76,57.95,58.27,61.58,72.14,71.65,100,100,100,100,36.82,59.04,70.78,19.07,0.0
2026-03-10 21:30:00,57.22,62.26,60.54,55.94,59.63,62.84,71.56,71.55,100,100,100,100,36.69,56.81,70.82,19.08,0.0
2026-03-10 21:45:00,57.09,61.58,57.62,57.73,62.94,64.88,73.48,71.06,100,100,100,100,36.26,55.22,70.9,18.98,0.0
2026-03-10 22:00:00,57.77,60.1,57.95,57.29,61.14,65.72,71.73,68.37,100,100,100,100,36.87,54.26,71.73,19.0,0.0
2026-03-10 22:15:00,56.0,60.42,58.64,57.32,64.68,65.61,70.57,69.27,100,100,100,100,36.92,53.33,72.17,19.1,0.0
2026-03-10 22:30:00,55.28,60.16,55.92,57.81,65.46,64.68,72.24,69.99,100,100,100,100,36.64,54.07,71.76,19.23,0.0
2026-03-10 22:45:00,54.89,60.94,56.82,56.62,64.9,63.73,70.98,71.06,100,100,100,100,36.78,54.19,71.78,19.49,0.0
2026-03-10 23:00:00,55.66,61.19,55.99,57.08,63.99,63.25,72.77,73.31,100,100,100,100,35.95,54.67,71.72,19.29,0.0
2026-03-10 23:15:00,56.33,61.48,54.39,58.03,63.06,61.75,71.46,70.26,100,100,100,100,36.41,53.75,71.01,18.42,0.0
2026-03-10 23:30:00,58.03,62.45,55.33,58.67,60.4,61.85,69.83,69.06,100,100,100,100,36.23,53.24,71.66,18.57,0.0
2026-03-10 23:45:00,56.75,62.42,55.96,59.94,61.28,61.74,71.17,71.64,100,100,100,100,35.81,54.16,71.33,18.15,0.0
2026-03-11 00:00:00,56.51,62.09,55.69,61.23,61.22,61.61,73.7,68.63,100,100,100,100,35.01,54.4,71.84,18.69,0.0
2026-03-11 00:15:00,56.27,61.98,53.68,58.85,60.29,64.41,72.3,68.19,100,100,100,100,35.34,55.35,71.7,19.61,0.0
2026-03-11 00:30:00,55.31,61.75,53.4,57.71,63.82,64.19,72.49,69.58,100,100,100,100,35.33,56.37,72.04,18.72,0.0
2026-03-11 00:45:00,56.59,61.16,50.73,56.61,62.85,65.13,72.43,69.42,100,100,100,100,35.92,54.67,72.9,18.83,0.0
2026-03-11 01:00:00,55.99,62.56,51.94,56.47,60.11,63.16,70.72,70.64,100,100,100,100,36.6,53.6,72.44,18.6,0.0
2026-03-11 01:15:00,56.61,62.19,54.81,57.59,61.02,64.29,71.83,73.01,100,100,100,100,36.63,52.23,73.25,17.29,0.0
2026-03-11 01:30:00,57.86,61.42,55.78,59.36,59.34,65.5,72.83,71.93,100,100,100,100,36.91,51.34,72.44,18.56,0.0
2026-03-11 01:45:00,57.39,61.15,55.58,58.39,59.33,64.96,73.48,69.14,100,100,100,100,36.48,53.86,72.46,17.35,0.0
2026-03-11 02:00:00,58.66,60.4,53.86,56.81,61.76,67.66,75.38,69.82,100,100,100,100,36.37,54.41,73.1,17.46,0.0
2026-03-11 02:15:00,58.1,60.95,53.61,56.73,62.19,66.89,75.78,67.89,100,100,100,100,35.87,56.73,72.85,18.42,0.0
2026-03-11 02:30:00,57.74,61.15,51.95,55.79,61.71,64.17,73.66,68.47,100,100,100,100,36.13,57.04,72.91,18.33,0.0
2026-03-11 02:45:00,59.26,62.19,51.72,56.99,61.44,64.81,72.8,68.31,100,100,100,100,36.59,57.47,72.05,18.68,0.0
2026-03-11 03:00:00,56.78,63.23,54.8,56.97,61.18,64.95,70.26,66.22,100,100,100,100,36.6,57.87,70.54,18.14,0.0
2026-03-11 03:15:00,57.03,62.26,53.93,58.52,62.05,62.79,68.42,67.08,100,100,100,100,36.88,59.11,70.76,17.43,0.0
2026-03-11 03:30:00,57.06,62.82,55.31,58.36,60.58,65.27,70.79,69.0,100,100,100,100,35.62,60.07,70.76,16.56,0.0
2026-03-11 03:45:00,55.83,63.06,57.15,57.67,60.71,64.52,71.71,69.63,100,100,100,100,35.52,57.87,70.72,16.09,0.0
2026-03-11 04:00:00,57.96,61.5,55.7,58.08,61.48,63.67,70.87,70.83,100,100,100,100,35.83,58.26,71.72,16.8,0.0
2026-03-11 04:15:00,58.11,61.23,56.12,57.84,61.44,65.91,74.01,71.19,100,100,100,100,35.67,55.98,71.35,17.46,0.0
2026-03-11 04:30:00,57.74,61.17,56.21,58.03,63.95,63.33,72.39,68.83,100,100,100,100,36.74,54.63,72.69,17.22,0.0
2026-03-11 04:45:00,57.77,60.54,55.22,58.34,65.05,64.27,72.14,68.31,100,100,100,100,35.41,55.35,72.93,18.94,0.0
2026-03-11 05:00:00,58.37,60.47,55.22,57.43,64.3,64.18,73.41,67.44,100,100,100,100,34.79,55.54,72.93,19.0,0.0
2026-03-11 05:15:00,59.01,61.58,54.46,54.38,61.92,63.22,69.76,66.82,100,100,100,100,34.59,55.42,73.22,18.14,0.0
2026-03-11 05:30:00,59.2,61.43,54.88,53.65,60.51,65.18,70.64,69.11,100,100,100,100,34.7,55.37,72.13,18.91,0.0
2026-03-11 05:45:00,59.01,61.07,55.56,53.14,58.14,63.01,68.97,69.11,100,100,100,100,35.64,54.45,72.08,17.68,0.0
2026-03-11 06:00:00,57.77,61.85,55.39,53.72,57.7,62.82,68.56,70.51,100,100,100,100,36.29,52.97,71.87,17.12,0.0
2026-03-11 06:15:00,57.25,61.35,56.41,55.18,58.58,63.34,69.48,71.03,100,100,100,100,36.42,53.63,71.58,17.47,0.0
2026-03-11 06:30:00,57.3,61.48,56.76,54.51,59.58,62.36,70.9,68.73,100,100,100,100,37.05,53.59,73.11,16.79,0.0
2026-03-11 06:45:00,57.29,60.02,57.68,55.27,61.94,64.72,72.42,66.22,100,100,100,100,37.31,54.35,72.49,17.56,0.0
2026-03-11 07:00:00,57.87,59.36,58.24,54.5,61.99,65.16,73.01,66.73,100,100,100,100,37.55,55.42,72.09,17.96,0.0
2026-03-11 07:15:00,59.75,59.57,57.58,55.16,63.24,64.99,72.47,65.81,100,100,100,100,37.82,56.23,72.08,18.46,0.0
2026-03-11 07:30:00,60.11,58.5,57.85,56.66,63.69,67.02,68.3,64.49,100,100,100,100,36.58,57.09,70.55,18.96,0.0
2026-03-11 07:45:00,60.18,59.91,56.08,56.11,62.01,64.86,67.34,67.53,100,100,100,100,37.12,56.4,71.53,17.65,0.0
2026-03-11 08:00:00,60.87,59.81,54.86,56.1,60.42,65.73,66.4,66.21,100,100,100,100,36.69,57.4,72.98,17.78,0.0
2026-03-11 08:15:00,59.0,59.79,56.78,55.77,60.76,64.87,69.33,67.26,100,100,100,100,37.02,55.19,73.49,17.34,0.0
2026-03-11 08:30:00,56.82,59.69,54.48,54.77,59.16,64.94,73.04,67.16,100,100,100,100,37.08,53.72,73.28,16.74,0.0
2026-03-11 08:45:00,56.31,59.02,55.8,55.28,56.23,66.36,72.47,68.13,100,100,100,100,35.39,53.24,73.29,18.0,0.0
2026-03-11 09:00:00,54.01,58.7,56.78,55.67,57.24,66.54,72.14,68.77,100,100,100,100,35.19,51.87,72.33,17.12,0.0
2026-03-11 09:15:00,54.05,58.04,54.98,57.31,55.48,66.67,70.19,69.12,100,100,100,100,34.29,53.69,72.38,17.0,0.0
2026-03-11 09:30:00,55.59,58.14,55.39,58.05,57.35,65.86,68.85,70.36,100,100,100,100,34.76,53.67,73.92,17.03,0.0
2026-03-11 09:45:00,57.6,58.91,54.44,57.0,58.86,65.61,70.83,68.8,100,100,100,100,36.3,56.18,73.89,17.2,0.0
2026-03-11 10:00:00,59.25,60.78,53.18,57.35,61.11,65.37,70.4,67.56,100,100,100,100,37.24,55.27,74.49,17.72,0.0
2026-03-11 10:15:00,59.35,61.94,52.06,55.86,59.66,64.94,69.38,65.5,100,100,100,100,37.59,54.65,74.48,18.81,0.0
2026-03-11 10:30:00,59.96,61.65,50.69,55.58,61.13,65.22,70.24,64.1,100,100,100,100,37.31,55.92,73.83,18.18,0.0
2026-03-11 10:45:00,57.04,62.49,51.02,56.35,65.03,65.55,68.52,63.8,100,100,100,100,36.05,53.69,73.55,17.66,0.0
2026-03-11 11:00:00,56.98,61.73,53.16,56.54,62.05,66.87,67.3,64.34,100,100,100,100,34.91,54.41,73.27,17.7,0.0
2026-03-11 11:15:00,57.72,61.13,52.81,56.94,67.34,66.58,70.91,66.16,100,100,100,100,34.82,54.44,72.86,16.82,0.0
2026-03-11 11:30:00,55.99,61.44,55.04,56.64,65.72,66.12,68.64,64.72,100,100,100,100,35.29,54.43,72.31,18.25,0.0
2026-03-11 11:45:00,58.5,61.66,55.32,56.97,62.53,67.94,69.28,62.69,100,100,100,100,35.86,54.8,72.62,17.92,0.0
2026-03-11 12:00:00,58.58,60.63,55.16,57.77,63.22,67.41,70.65,63.73,100,100,100,100,36.25,55.2,72.36,17.47,0.0
2026-03-11 12:15:00,57.69,60.5,57.61,56.9,60.66,67.35,70.28,62.13,100,100,100,100,35.55,55.1,73.85,17.5,0.0
2026-03-11 12:30:00,59.27,62.24,57.86,57.58,59.59,68.31,69.88,66.45,100,100,100,100,35.18,54.32,73.37,18.21,0.0
2026-03-11 12:45:00,60.12,61.43,56.86,58.41,61.74,69.25,72.28,66.92,100,100,100,100,35.57,54.82,72.66,18.66,0.0
2026-03-11 13:00:00,60.0,62.5,55.93,58.61,61.04,67.58,74.13,67.43,100,100,100,100,34.77,55.14,72.83,19.12,0.0
2026-03-11 13:15:00,60.5,62.71,54.81,58.22,59.87,67.2,71.03,71.16,100,100,100,100,35.63,54.34,71.68,18.97,0.0
2026-03-11 13:30:00,59.68,61.56,53.05,57.99,60.7,65.03,71.38,71.1,100,100,100,100,35.87,55.32,71.53,18.0,0.0
2026-03-11 13:45:00,57.34,61.44,54.31,58.5,61.91,63.37,68.51,73.31,100,100,100,100,35.2,53.94,71.46,17.54,0.0
2026-03-11 14:00:00,57.83,61.82,53.39,58.39,63.07,62.13,67.24,72.87,100,100,100,100,36.29,52.63,70.93,17.15,0.0
2026-03-11 14:15:00,57.0,61.85,54.64,59.57,63.98,63.55,67.52,71.6,100,100,100,100,36.13,54.28,70.6,18.39,0.0
2026-03-11 14:30:00,57.4,62.36,56.22,58.88,62.69,65.1,69.74,71.12,100,100,100,100,35.86,51.59,71.68,17.98,0.0
2026-03-11 14:45:00,57.68,61.48,54.42,58.02,62.9,63.36,71.2,69.45,100,100,100,100,36.18,51.48,71.99,17.36,0.0
2026-03-11 15:00:00,57.41,60.98,56.44,56.21,65.19,65.14,69.46,70.9,100,100,100,100,35.49,52.99,72.62,18.55,0.0
2026-03-11 15:15:00,58.3,61.18,55.66,55.45,67.12,64.45,71.84,70.88,100,100,100,100,35.76,53.01,72.92,17.12,0.0
2026-03-11 15:30:00,59.03,60.85,55.26,55.41,69.01,64.55,73.73,69.07,100,100,100,100,35.13,54.33,72.92,16.87,0.0
2026-03-11 15:45:00,59.01,62.4,54.07,53.22,67.27,65.08,72.33,71.69,100,100,100,100,34.99,55.22,72.55,18.17,0.0
2026-03-11 16:00:00,58.44,63.02,52.17,54.05,63.43,65.04,74.19,69.85,100,100,100,100,35.34,54.34,71.93,16.53,0.0
2026-03-11 16:15:00,57.46,63.45,51.16,54.54,60.89,63.94,69.75,68.95,100,100,100,100,35.1,53.79,71.59,17.15,0.0
2026-03-11 16:30:00,56.35,63.47,50.26,55.97,58.46,63.69,67.57,67.62,100,100,100,100,35.8,56.14,71.0,18.43,0.0
2026-03-11 16:45:00,57.01,62.88,51.63,57.12,60.22,64.29,65.91,65.94,100,100,100,100,35.71,56.47,71.58,18.5,0.0
2026-03-11 17:00:00,57.78,62.08,50.99,56.83,61.5,65.96,66.97,65.61,100,100,100,100,35.0,56.41,72.62,19.07,0.0
2026-03-11 17:15:00,57.83,62.01,53.08,55.55,62.56,67.79,72.38,68.72,100,100,100,100,35.29,57.03,72.06,18.95,0.0
2026-03-11 17:30:00,58.81,61.29,53.23,55.9,63.58,66.4,72.4,69.69,100,100,100,100,35.39,54.81,72.69,18.13,0.0
2026-03-11 17:45:00,59.55,60.13,52.14,55.99,62.2,64.83,74.32,70.62,100,100,100,100,35.35,55.7,73.29,18.11,0.0
2026-03-11 18:00:00,59.29,60.68,52.59,56.52,61.56,63.59,70.43,69.68,100,100,100,100,35.83,56.62,71.87,18.91,0.0
2026-03-11 18:15:00,61.39,59.16,50.51,58.87,59.06,63.36,66.13,67.51,100,100,100,100,35.87,54.89,71.35,18.88,0.0
2026-03-11 18:30:00,60.15,58.49,50.79,57.02,60.37,66.31,63.95,67.37,100,100,100,100,35.81,55.06,70.71,18.55,0.0
2026-03-11 18:45:00,58.2,60.42,52.85,56.2,59.79,66.64,66.26,66.39,100,100,100,100,36.06,54.57,70.11,18.5,0.0
2026-03-11 19:00:00,56.56,59.33,53.82,57.02,61.17,67.43,69.99,66.75,100,100,100,100,35.98,53.65,70.96,18.15,0.0
2026-03-11 19:15:00,56.27,59.21,53.99,53.28,61.71,66.97,70.57,66.97,100,100,100,100,35.33,54.84,72.01,18.98,0.0
2026-03-11 19:30:00,57.35,61.18,54.4,54.41,61.79,64.88,75.81,67.43,100,100,100,100,35.4,54.22,72.54,19.45,0.0
2026-03-11 19:45:00,58.24,60.21,57.55,55.54,60.61,66.17,71.81,69.53,100,100,100,100,35.77,53.68,72.84,18.23,0.0
2026-03-11 20:00:00,59.78,60.39,56.58,54.11,60.8,64.72,70.8,70.79,100,100,100,100,36.5,53.76,72.11,16.66,0.0
2026-03-11 20:15:00,57.81,61.32,55.55,56.76,62.88,63.75,69.22,69.93,100,100,100,100,37.47,52.75,71.97,16.45,0.0
2026-03-11 20:30:00,59.16,60.62,56.47,57.58,60.91,63.44,64.99,70.51,100,100,100,100,37.38,54.01,71.41,16.72,0.0
2026-03-11 20:45:00,59.3,60.88,53.07,57.0,61.9,62.37,67.41,71.39,100,100,100,100,37.04,54.12,70.56,17.22,0.0
2026-03-11 21:00:00,59.17,60.73,53.08,59.31,62.23,62.92,68.58,70.34,100,100,100,100,35.72,53.79,71.65,18.59,0.0
2026-03-11 21:15:00,60.56,60.98,53.46,58.92,60.06,63.28,71.07,68.08,100,100,100,100,35.06,55.1,71.68,17.77,0.0
2026-03-11 21:30:00,59.08,61.0,53.67,55.94,58.92,64.29,70.96,69.45,100,100,100,100,34.79,54.27,71.69,17.39,0.0
2026-03-11 21:45:00,59.16,59.27,53.02,55.76,58.46,64.19,69.75,65.07,100,100,100,100,34.9,53.07,71.91,17.4,0.0
2026-03-11 22:00:00,58.48,58.71,55.77,55.56,58.81,62.75,70.66,65.07,100,100,100,100,35.7,53.23,70.78,16.89,0.0
2026-03-11 22:15:00,58.29,57.94,58.69,55.44,59.47,64.34,72.97,67.42,100,100,100,100,35.45,51.74,70.36,16.73,0.0
2026-03-11 22:30:00,59.34,57.8,58.53,58.92,62.06,62.96,75.45,65.45,100,100,100,100,36.19,51.53,70.45,16.9,0.0
2026-03-11 22:45:00,60.18,59.57,59.17,60.06,63.18,62.21,76.77,66.25,100,100,100,100,35.84,54.09,71.19,17.22,0.0
2026-03-11 23:00:00,61.97,61.62,60.16,58.47,62.41,63.27,79.72,66.85,100,100,100,100,35.59,55.57,72.54,17.53,0.0
2026-03-11 23:15:00,61.23,61.49,57.25,58.83,62.35,63.02,79.13,66.74,100,100,100,100,35.43,56.26,72.44,17.14,0.0
2026-03-11 23:30:00,59.08,61.8,56.23,56.74,62.61,61.9,78.23,68.25,100,100,100,100,35.35,57.53,72.66,16.72,0.0
2026-03-11 23:45:00,57.97,61.86,55.52,56.08,61.18,62.59,77.5,66.94,100,100,100,100,36.2,55.33,72.1,16.5,0.0
2026-03-12 00:00:00,56.82,61.35,52.89,55.93,62.24,60.94,70.27,63.7,100,100,100,100,36.7,54.18,70.65,16.6,0.0
2026-03-12 00:15:00,58.03,61.99,54.45,56.34,63.56,60.22,67.89,63.51,100,100,100,100,36.75,54.85,71.27,17.54,0.0
2026-03-12 00:30:00,57.5,62.02,55.26,57.89,60.89,60.71,66.2,67.58,100,100,100,100,36.62,53.91,71.11,18.32,0.0
2026-03-12 00:45:00,58.74,61.85,56.17,56.89,62.05,60.69,66.26,67.83,100,100,100,100,36.17,55.07,71.39,17.54,0.0
2026-03-12 01:00:00,58.58,61.61,56.57,57.86,61.88,60.96,69.74,70.93,100,100,100,100,35.97,55.6,72.34,16.94,0.0
2026-03-12 01:15:00,57.44,62.1,55.95,58.26,59.35,61.2,70.7,71.24,100,100,100,100,36.86,55.19,72.27,16.61,0.0
2026-03-12 01:30:00,57.95,60.05,55.43,58.26,61.16,61.14,71.14,64.37,100,100,100,100,36.16,54.18,71.79,16.74,0.0
2026-03-12 01:45:00,55.56,59.72,54.83,58.77,61.62,61.42,70.26,65.92,100,100,100,100,36.37,55.48,71.61,17.7,0.0
2026-03-12 02:00:00,56.3,59.49,54.96,56.89,62.4,62.4,68.05,67.26,100,100,100,100,36.63,55.72,71.32,18.27,0.0
2026-03-12 02:15:00,56.67,58.11,55.94,55.71,64.21,62.37,69.52,68.38,100,100,100,100,36.37,56.04,72.43,18.66,0.0
2026-03-12 02:30:00,56.46,60.87,55.15,55.25,63.55,64.87,69.0,72.47,100,100,100,100,36.08,55.65,73.38,18.11,0.0
2026-03-12 02:45:00,56.73,60.8,55.99,56.77,61.72,65.86,72.07,71.55,100,100,100,100,35.16,53.43,73.64,17.55,0.0
2026-03-12 03:00:00,55.86,61.32,54.27,58.29,59.7,65.69,72.9,69.45,100,100,100,100,34.81,53.34,73.61,17.39,0.0
2026-03-12 03:15:00,57.06,61.67,55.26,57.57,57.84,66.72,72.89,67.7,100,100,100,100,34.59,52.31,73.25,17.74,0.0
2026-03-12 03:30:00,57.83,60.69,58.03,56.25,57.79,67.87,76.72,67.17,100,100,100,100,35.73,54.11,72.74,17.75,0.0
2026-03-12 03:45:00,57.68,60.97,58.36,54.79,58.29,66.35,74.38,69.4,100,100,100,100,35.96,55.01,72.38,18.77,0.0
2026-03-12 04:00:00,57.75,59.95,60.94,54.62,59.07,67.96,76.18,70.85,100,100,100,100,35.86,53.59,71.87,18.96,0.0
2026-03-12 04:15:00,56.29,60.12,59.91,55.75,61.12,66.3,75.57,69.39,100,100,100,100,35.69,54.22,70.91,17.66,0.0
2026-03-12 04:30:00,54.46,60.47,57.77,56.57,63.93,62.96,71.13,67.01,100,100,100,100,34.98,54.23,71.0,18.38,0.0
2026-03-12 04:45:00,55.55,60.6,56.44,58.01,63.51,62.73,71.71,64.7,100,100,100,100,35.28,54.51,71.66,17.39,0.0
2026-03-12 05:00:00,55.56,60.72,55.39,58.71,62.65,61.35,67.17,64.46,100,100,100,100,35.19,54.62,72.51,17.46,0.0
2026-03-12 05:15:00,56.29,61.89,53.73,57.2,62.43,61.41,65.74,66.67,100,100,100,100,35.24,53.21,72.36,18.4,0.0
2026-03-12 05:30:00,59.69,61.89,53.59,56.28,58.19,61.11,69.54,66.47,100,100,100,100,35.36,52.87,72.22,17.56,0.0
2026-03-12 05:45:00,60.58,61.5,55.13,53.74,59.19,63.72,68.79,69.58,100,100,100,100,35.42,51.56,70.43,17.42,0.0
2026-03-12 06:00:00,60.55,60.79,53.88,52.95,60.35,64.82,70.42,69.5,100,100,100,100,35.27,52.52,70.23,17.62,0.0
2026-03-12 06:15:00,59.2,60.75,53.86,53.65,59.55,66.1,69.39,68.91,100,100,100,100,35.1,53.09,70.49,18.4,0.0
2026-03-12 06:30:00,59.74,60.5,53.22,54.26,60.17,66.52,65.81,72.38,100,100,100,100,35.84,52.74,70.66,18.7,1.0
2026-03-12 06:45:00,58.94,60.17,53.12,53.98,58.27,67.52,63.46,71.15,100,100,100,100,36.21,53.97,71.63,18.92,0.0
2026-03-12 07:00:00,59.15,60.03,53.61,54.25,59.92,67.16,62.96,70.01,100,100,100,100,37.02,52.83,71.35,17.98,0.0
2026-03-12 07:15:00,59.97,60.42,55.48,55.48,60.24,67.45,64.51,68.02,100,100,100,100,37.4,54.99,71.2,16.81,0.0
2026-03-12 07:30:00,58.19,60.49,57.95,56.67,61.32,69.85,63.24,66.84,100,100,100,100,36.16,55.69,71.16,17.02,0.0
2026-03-12 07:45:00,58.03,60.54,56.71,57.03,63.86,66.95,63.21,68.06,100,100,100,100,35.6,54.92,71.39,16.31,0.0
2026-03-12 08:00:00,57.59,61.44,57.88,55.96,58.3,65.97,67.77,67.26,100,100,100,100,35.18,55.2,71.61,16.87,0.0
2026-03-12 08:15:00,57.2,59.25,57.4,55.23,58.61,64.36,65.95,69.21,100,100,100,100,34.88,54.72,72.02,17.02,0.0
2026-03-12 08:30:00,57.03,59.75,55.14,53.9,59.13,64.75,69.11,69.82,100,100,100,100,35.65,54.63,72.15,17.3,0.0
2026-03-12 08:45:00,56.73,60.38,55.34,55.7,58.53,67.36,71.6,68.31,100,100,100,100,35.42,54.59,71.75,18.33,0.0
2026-03-12 09:00:00,56.62,61.06,53.24,55.97,60.24,67.3,67.23,71.71,100,100,100,100,35.03,55.0,72.07,18.26,0.0
2026-03-12 09:15:00,57.11,61.16,52.92,55.25,60.21,67.32,67.35,73.64,100,100,100,100,35.15,53.69,72.07,18.34,0.0
2026-03-12 09:30:00,56.95,60.75,51.77,55.95,61.13,66.83,66.62,71.06,100,100,100,100,35.11,53.75,72.9,17.46,0.0
2026-03-12 09:45:00,58.48,60.4,50.11,54.21,61.69,65.26,64.29,71.7,100,100,100,100,35.87,55.32,72.95,17.82,0.0
2026-03-12 10:00:00,57.03,60.22,50.26,54.8,64.27,64.66,65.54,70.65,100,100,100,100,35.91,55.4,72.9,18.61,0.0
2026-03-12 10:15:00,57.77,61.36,50.27,55.45,63.71,65.14,68.72,69.27,100,100,100,100,36.57,56.84,72.87,19.12,0.0
2026-03-12 10:30:00,58.89,60.95,51.4,55.6,64.44,63.66,68.15,72.33,100,100,100,100,35.15,57.25,72.26,19.38,0.0
2026-03-12 10:45:00,56.21,60.65,52.79,57.19,64.27,63.7,71.46,70.08,100,100,100,100,35.0,55.56,72.96,19.34,0.0
